"filename", "language", "YAML", "Markdown", "C++", "Dart", "Kotlin", "Java Properties", "JSON", "HTML", "XML", "Swift", "MS SQL", "CSV", "Docker", "Batch", "Java", "Ignore", "comment", "blank", "total"
"c:\Personal\DATN\BodyPilot\.idea\BodyPilot.iml", "XML", 0, 0, 0, 0, 0, 0, 0, 0, 26, 0, 0, 0, 0, 0, 0, 0, 0, 0, 26
"c:\Personal\DATN\BodyPilot\.idea\compiler.xml", "XML", 0, 0, 0, 0, 0, 0, 0, 0, 29, 0, 0, 0, 0, 0, 0, 0, 0, 0, 29
"c:\Personal\DATN\BodyPilot\.idea\encodings.xml", "XML", 0, 0, 0, 0, 0, 0, 0, 0, 7, 0, 0, 0, 0, 0, 0, 0, 0, 0, 7
"c:\Personal\DATN\BodyPilot\.idea\gradle.xml", "XML", 0, 0, 0, 0, 0, 0, 0, 0, 47, 0, 0, 0, 0, 0, 0, 0, 0, 0, 47
"c:\Personal\DATN\BodyPilot\.idea\jarRepositories.xml", "XML", 0, 0, 0, 0, 0, 0, 0, 0, 20, 0, 0, 0, 0, 0, 0, 0, 0, 0, 20
"c:\Personal\DATN\BodyPilot\.idea\kotlinc.xml", "XML", 0, 0, 0, 0, 0, 0, 0, 0, 7, 0, 0, 0, 0, 0, 0, 0, 0, 0, 7
"c:\Personal\DATN\BodyPilot\.idea\misc.xml", "XML", 0, 0, 0, 0, 0, 0, 0, 0, 15, 0, 0, 0, 0, 0, 0, 0, 0, 0, 15
"c:\Personal\DATN\BodyPilot\.idea\modules.xml", "XML", 0, 0, 0, 0, 0, 0, 0, 0, 8, 0, 0, 0, 0, 0, 0, 0, 0, 0, 8
"c:\Personal\DATN\BodyPilot\.idea\vcs.xml", "XML", 0, 0, 0, 0, 0, 0, 0, 0, 7, 0, 0, 0, 0, 0, 0, 0, 0, 0, 7
"c:\Personal\DATN\BodyPilot\admin_web\README.md", "Markdown", 0, 10, 0, 0, 0, 0, 0, 0, 0, 0, 0, 0, 0, 0, 0, 0, 0, 7, 17
"c:\Personal\DATN\BodyPilot\admin_web\analysis_options.yaml", "YAML", 3, 0, 0, 0, 0, 0, 0, 0, 0, 0, 0, 0, 0, 0, 0, 0, 22, 4, 29
"c:\Personal\DATN\BodyPilot\admin_web\lib\core\network\api_client.dart", "Dart", 0, 0, 0, 49, 0, 0, 0, 0, 0, 0, 0, 0, 0, 0, 0, 0, 1, 9, 59
"c:\Personal\DATN\BodyPilot\admin_web\lib\core\theme.dart", "Dart", 0, 0, 0, 51, 0, 0, 0, 0, 0, 0, 0, 0, 0, 0, 0, 0, 0, 3, 54
"c:\Personal\DATN\BodyPilot\admin_web\lib\data\models\admin_stats_model.dart", "Dart", 0, 0, 0, 61, 0, 0, 0, 0, 0, 0, 0, 0, 0, 0, 0, 0, 0, 9, 70
"c:\Personal\DATN\BodyPilot\admin_web\lib\data\repositories\admin_repository.dart", "Dart", 0, 0, 0, 214, 0, 0, 0, 0, 0, 0, 0, 0, 0, 0, 0, 0, 17, 34, 265
"c:\Personal\DATN\BodyPilot\admin_web\lib\main.dart", "Dart", 0, 0, 0, 120, 0, 0, 0, 0, 0, 0, 0, 0, 0, 0, 0, 0, 0, 9, 129
"c:\Personal\DATN\BodyPilot\admin_web\lib\presentation\screens\dashboard_screen.dart", "Dart", 0, 0, 0, 323, 0, 0, 0, 0, 0, 0, 0, 0, 0, 0, 0, 0, 0, 20, 343
"c:\Personal\DATN\BodyPilot\admin_web\lib\presentation\screens\dish_detail_screen.dart", "Dart", 0, 0, 0, 361, 0, 0, 0, 0, 0, 0, 0, 0, 0, 0, 0, 0, 2, 23, 386
"c:\Personal\DATN\BodyPilot\admin_web\lib\presentation\screens\dish_form_screen.dart", "Dart", 0, 0, 0, 679, 0, 0, 0, 0, 0, 0, 0, 0, 0, 0, 0, 0, 11, 34, 724
"c:\Personal\DATN\BodyPilot\admin_web\lib\presentation\screens\dishes_screen.dart", "Dart", 0, 0, 0, 122, 0, 0, 0, 0, 0, 0, 0, 0, 0, 0, 0, 0, 0, 17, 139
"c:\Personal\DATN\BodyPilot\admin_web\lib\presentation\screens\exercise_detail_screen.dart", "Dart", 0, 0, 0, 245, 0, 0, 0, 0, 0, 0, 0, 0, 0, 0, 0, 0, 2, 14, 261
"c:\Personal\DATN\BodyPilot\admin_web\lib\presentation\screens\exercises_screen.dart", "Dart", 0, 0, 0, 121, 0, 0, 0, 0, 0, 0, 0, 0, 0, 0, 0, 0, 0, 15, 136
"c:\Personal\DATN\BodyPilot\admin_web\lib\presentation\screens\ingredient_detail_screen.dart", "Dart", 0, 0, 0, 270, 0, 0, 0, 0, 0, 0, 0, 0, 0, 0, 0, 0, 2, 16, 288
"c:\Personal\DATN\BodyPilot\admin_web\lib\presentation\screens\ingredients_screen.dart", "Dart", 0, 0, 0, 132, 0, 0, 0, 0, 0, 0, 0, 0, 0, 0, 0, 0, 0, 17, 149
"c:\Personal\DATN\BodyPilot\admin_web\lib\presentation\screens\users_screen.dart", "Dart", 0, 0, 0, 185, 0, 0, 0, 0, 0, 0, 0, 0, 0, 0, 0, 0, 0, 13, 198
"c:\Personal\DATN\BodyPilot\admin_web\lib\presentation\widgets\base_table_screen.dart", "Dart", 0, 0, 0, 131, 0, 0, 0, 0, 0, 0, 0, 0, 0, 0, 0, 0, 0, 4, 135
"c:\Personal\DATN\BodyPilot\admin_web\lib\presentation\widgets\exercise_form_dialog.dart", "Dart", 0, 0, 0, 339, 0, 0, 0, 0, 0, 0, 0, 0, 0, 0, 0, 0, 0, 24, 363
"c:\Personal\DATN\BodyPilot\admin_web\lib\presentation\widgets\food_form_dialog.dart", "Dart", 0, 0, 0, 411, 0, 0, 0, 0, 0, 0, 0, 0, 0, 0, 0, 0, 2, 18, 431
"c:\Personal\DATN\BodyPilot\admin_web\lib\presentation\widgets\sidebar.dart", "Dart", 0, 0, 0, 155, 0, 0, 0, 0, 0, 0, 0, 0, 0, 0, 0, 0, 0, 9, 164
"c:\Personal\DATN\BodyPilot\admin_web\pubspec.yaml", "YAML", 22, 0, 0, 0, 0, 0, 0, 0, 0, 0, 0, 0, 0, 0, 0, 0, 60, 14, 96
"c:\Personal\DATN\BodyPilot\admin_web\test\widget_test.dart", "Dart", 0, 0, 0, 0, 0, 0, 0, 0, 0, 0, 0, 0, 0, 0, 0, 0, 0, 1, 1
"c:\Personal\DATN\BodyPilot\admin_web\web\index.html", "HTML", 0, 0, 0, 0, 0, 0, 0, 31, 0, 0, 0, 0, 0, 0, 0, 0, 0, 8, 39
"c:\Personal\DATN\BodyPilot\admin_web\web\manifest.json", "JSON", 0, 0, 0, 0, 0, 0, 35, 0, 0, 0, 0, 0, 0, 0, 0, 0, 0, 1, 36
"c:\Personal\DATN\BodyPilot\backend\.dockerignore", "Ignore", 0, 0, 0, 0, 0, 0, 0, 0, 0, 0, 0, 0, 0, 0, 0, 6, 0, 1, 7
"c:\Personal\DATN\BodyPilot\backend\.mvn\wrapper\maven-wrapper.properties", "Java Properties", 0, 0, 0, 0, 0, 3, 0, 0, 0, 0, 0, 0, 0, 0, 0, 0, 0, 1, 4
"c:\Personal\DATN\BodyPilot\backend\Dockerfile", "Docker", 0, 0, 0, 0, 0, 0, 0, 0, 0, 0, 0, 0, 12, 0, 0, 0, 2, 2, 16
"c:\Personal\DATN\BodyPilot\backend\mvnw.cmd", "Batch", 0, 0, 0, 0, 0, 0, 0, 0, 0, 0, 0, 0, 0, 139, 0, 0, 26, 25, 190
"c:\Personal\DATN\BodyPilot\backend\pom.xml", "XML", 0, 0, 0, 0, 0, 0, 0, 0, 153, 0, 0, 0, 0, 0, 0, 0, 0, 4, 157
"c:\Personal\DATN\BodyPilot\backend\src\main\java\com\bodypilot\backend\BackendApplication.java", "Java", 0, 0, 0, 0, 0, 0, 0, 0, 0, 0, 0, 0, 0, 0, 11, 0, 0, 5, 16
"c:\Personal\DATN\BodyPilot\backend\src\main\java\com\bodypilot\backend\config\ApplicationConfig.java", "Java", 0, 0, 0, 0, 0, 0, 0, 0, 0, 0, 0, 0, 0, 0, 44, 0, 0, 8, 52
"c:\Personal\DATN\BodyPilot\backend\src\main\java\com\bodypilot\backend\config\FirebaseConfig.java", "Java", 0, 0, 0, 0, 0, 0, 0, 0, 0, 0, 0, 0, 0, 0, 69, 0, 3, 14, 86
"c:\Personal\DATN\BodyPilot\backend\src\main\java\com\bodypilot\backend\config\SecurityConfig.java", "Java", 0, 0, 0, 0, 0, 0, 0, 0, 0, 0, 0, 0, 0, 0, 63, 0, 0, 8, 71
"c:\Personal\DATN\BodyPilot\backend\src\main\java\com\bodypilot\backend\controller\AdminController.java", "Java", 0, 0, 0, 0, 0, 0, 0, 0, 0, 0, 0, 0, 0, 0, 20, 0, 0, 5, 25
"c:\Personal\DATN\BodyPilot\backend\src\main\java\com\bodypilot\backend\controller\AiSuggestionController.java", "Java", 0, 0, 0, 0, 0, 0, 0, 0, 0, 0, 0, 0, 0, 0, 42, 0, 0, 8, 50
"c:\Personal\DATN\BodyPilot\backend\src\main\java\com\bodypilot\backend\controller\AssessmentController.java", "Java", 0, 0, 0, 0, 0, 0, 0, 0, 0, 0, 0, 0, 0, 0, 19, 0, 0, 5, 24
"c:\Personal\DATN\BodyPilot\backend\src\main\java\com\bodypilot\backend\controller\AuthController.java", "Java", 0, 0, 0, 0, 0, 0, 0, 0, 0, 0, 0, 0, 0, 0, 36, 0, 0, 9, 45
"c:\Personal\DATN\BodyPilot\backend\src\main\java\com\bodypilot\backend\controller\ChatbotController.java", "Java", 0, 0, 0, 0, 0, 0, 0, 0, 0, 0, 0, 0, 0, 0, 24, 0, 0, 6, 30
"c:\Personal\DATN\BodyPilot\backend\src\main\java\com\bodypilot\backend\controller\CheckInController.java", "Java", 0, 0, 0, 0, 0, 0, 0, 0, 0, 0, 0, 0, 0, 0, 27, 0, 0, 7, 34
"c:\Personal\DATN\BodyPilot\backend\src\main\java\com\bodypilot\backend\controller\ExerciseController.java", "Java", 0, 0, 0, 0, 0, 0, 0, 0, 0, 0, 0, 0, 0, 0, 64, 0, 0, 14, 78
"c:\Personal\DATN\BodyPilot\backend\src\main\java\com\bodypilot\backend\controller\FoodController.java", "Java", 0, 0, 0, 0, 0, 0, 0, 0, 0, 0, 0, 0, 0, 0, 79, 0, 0, 14, 93
"c:\Personal\DATN\BodyPilot\backend\src\main\java\com\bodypilot\backend\controller\HealthInjuryController.java", "Java", 0, 0, 0, 0, 0, 0, 0, 0, 0, 0, 0, 0, 0, 0, 73, 0, 0, 13, 86
"c:\Personal\DATN\BodyPilot\backend\src\main\java\com\bodypilot\backend\controller\NotificationController.java", "Java", 0, 0, 0, 0, 0, 0, 0, 0, 0, 0, 0, 0, 0, 0, 51, 0, 0, 11, 62
"c:\Personal\DATN\BodyPilot\backend\src\main\java\com\bodypilot\backend\controller\NotificationTestController.java", "Java", 0, 0, 0, 0, 0, 0, 0, 0, 0, 0, 0, 0, 0, 0, 47, 0, 0, 7, 54
"c:\Personal\DATN\BodyPilot\backend\src\main\java\com\bodypilot\backend\controller\NutritionDiaryController.java", "Java", 0, 0, 0, 0, 0, 0, 0, 0, 0, 0, 0, 0, 0, 0, 127, 0, 0, 18, 145
"c:\Personal\DATN\BodyPilot\backend\src\main\java\com\bodypilot\backend\controller\SmartSwapController.java", "Java", 0, 0, 0, 0, 0, 0, 0, 0, 0, 0, 0, 0, 0, 0, 38, 0, 0, 7, 45
"c:\Personal\DATN\BodyPilot\backend\src\main\java\com\bodypilot\backend\controller\StepController.java", "Java", 0, 0, 0, 0, 0, 0, 0, 0, 0, 0, 0, 0, 0, 0, 37, 0, 0, 8, 45
"c:\Personal\DATN\BodyPilot\backend\src\main\java\com\bodypilot\backend\controller\UserController.java", "Java", 0, 0, 0, 0, 0, 0, 0, 0, 0, 0, 0, 0, 0, 0, 23, 0, 0, 7, 30
"c:\Personal\DATN\BodyPilot\backend\src\main\java\com\bodypilot\backend\controller\WorkoutDiaryController.java", "Java", 0, 0, 0, 0, 0, 0, 0, 0, 0, 0, 0, 0, 0, 0, 109, 0, 0, 16, 125
"c:\Personal\DATN\BodyPilot\backend\src\main\java\com\bodypilot\backend\controller\WorkoutPlanController.java", "Java", 0, 0, 0, 0, 0, 0, 0, 0, 0, 0, 0, 0, 0, 0, 44, 0, 0, 11, 55
"c:\Personal\DATN\BodyPilot\backend\src\main\java\com\bodypilot\backend\controller\WorkoutSessionController.java", "Java", 0, 0, 0, 0, 0, 0, 0, 0, 0, 0, 0, 0, 0, 0, 35, 0, 0, 10, 45
"c:\Personal\DATN\BodyPilot\backend\src\main\java\com\bodypilot\backend\exception\GlobalExceptionHandler.java", "Java", 0, 0, 0, 0, 0, 0, 0, 0, 0, 0, 0, 0, 0, 0, 30, 0, 0, 6, 36
"c:\Personal\DATN\BodyPilot\backend\src\main\java\com\bodypilot\backend\exception\ResourceNotFoundException.java", "Java", 0, 0, 0, 0, 0, 0, 0, 0, 0, 0, 0, 0, 0, 0, 9, 0, 0, 3, 12
"c:\Personal\DATN\BodyPilot\backend\src\main\java\com\bodypilot\backend\model\dto\admin\AdminStatsDTO.java", "Java", 0, 0, 0, 0, 0, 0, 0, 0, 0, 0, 0, 0, 0, 0, 36, 0, 0, 6, 42
"c:\Personal\DATN\BodyPilot\backend\src\main\java\com\bodypilot\backend\model\dto\auth\AuthResponse.java", "Java", 0, 0, 0, 0, 0, 0, 0, 0, 0, 0, 0, 0, 0, 0, 14, 0, 0, 3, 17
"c:\Personal\DATN\BodyPilot\backend\src\main\java\com\bodypilot\backend\model\dto\auth\GoogleLoginRequest.java", "Java", 0, 0, 0, 0, 0, 0, 0, 0, 0, 0, 0, 0, 0, 0, 14, 0, 0, 3, 17
"c:\Personal\DATN\BodyPilot\backend\src\main\java\com\bodypilot\backend\model\dto\auth\LoginRequest.java", "Java", 0, 0, 0, 0, 0, 0, 0, 0, 0, 0, 0, 0, 0, 0, 12, 0, 0, 4, 16
"c:\Personal\DATN\BodyPilot\backend\src\main\java\com\bodypilot\backend\model\dto\auth\UserRegistrationRequest.java", "Java", 0, 0, 0, 0, 0, 0, 0, 0, 0, 0, 0, 0, 0, 0, 16, 0, 0, 5, 21
"c:\Personal\DATN\BodyPilot\backend\src\main\java\com\bodypilot\backend\model\dto\chat\ChatMessageDTO.java", "Java", 0, 0, 0, 0, 0, 0, 0, 0, 0, 0, 0, 0, 0, 0, 13, 0, 0, 3, 16
"c:\Personal\DATN\BodyPilot\backend\src\main\java\com\bodypilot\backend\model\dto\chat\ChatRequest.java", "Java", 0, 0, 0, 0, 0, 0, 0, 0, 0, 0, 0, 0, 0, 0, 15, 0, 0, 4, 19
"c:\Personal\DATN\BodyPilot\backend\src\main\java\com\bodypilot\backend\model\dto\chat\ChatResponse.java", "Java", 0, 0, 0, 0, 0, 0, 0, 0, 0, 0, 0, 0, 0, 0, 13, 0, 0, 3, 16
"c:\Personal\DATN\BodyPilot\backend\src\main\java\com\bodypilot\backend\model\dto\checkin\CheckInRequest.java", "Java", 0, 0, 0, 0, 0, 0, 0, 0, 0, 0, 0, 0, 0, 0, 22, 0, 0, 3, 25
"c:\Personal\DATN\BodyPilot\backend\src\main\java\com\bodypilot\backend\model\dto\checkin\CheckInResultResponse.java", "Java", 0, 0, 0, 0, 0, 0, 0, 0, 0, 0, 0, 0, 0, 0, 19, 0, 0, 3, 22
"c:\Personal\DATN\BodyPilot\backend\src\main\java\com\bodypilot\backend\model\dto\checkin\CheckInStatusResponse.java", "Java", 0, 0, 0, 0, 0, 0, 0, 0, 0, 0, 0, 0, 0, 0, 19, 0, 0, 4, 23
"c:\Personal\DATN\BodyPilot\backend\src\main\java\com\bodypilot\backend\model\dto\common\ApiResponse.java", "Java", 0, 0, 0, 0, 0, 0, 0, 0, 0, 0, 0, 0, 0, 0, 37, 0, 0, 8, 45
"c:\Personal\DATN\BodyPilot\backend\src\main\java\com\bodypilot\backend\model\dto\common\PageResponse.java", "Java", 0, 0, 0, 0, 0, 0, 0, 0, 0, 0, 0, 0, 0, 0, 39, 0, 0, 6, 45
"c:\Personal\DATN\BodyPilot\backend\src\main\java\com\bodypilot\backend\model\dto\health\GoalResponse.java", "Java", 0, 0, 0, 0, 0, 0, 0, 0, 0, 0, 0, 0, 0, 0, 12, 0, 0, 3, 15
"c:\Personal\DATN\BodyPilot\backend\src\main\java\com\bodypilot\backend\model\dto\notification\CreateNotificationRequest.java", "Java", 0, 0, 0, 0, 0, 0, 0, 0, 0, 0, 0, 0, 0, 0, 15, 0, 0, 3, 18
"c:\Personal\DATN\BodyPilot\backend\src\main\java\com\bodypilot\backend\model\dto\notification\UserNotificationResponse.java", "Java", 0, 0, 0, 0, 0, 0, 0, 0, 0, 0, 0, 0, 0, 0, 20, 0, 0, 4, 24
"c:\Personal\DATN\BodyPilot\backend\src\main\java\com\bodypilot\backend\model\dto\nutrition\CalorieCalculationResult.java", "Java", 0, 0, 0, 0, 0, 0, 0, 0, 0, 0, 0, 0, 0, 0, 15, 0, 0, 3, 18
"c:\Personal\DATN\BodyPilot\backend\src\main\java\com\bodypilot\backend\model\dto\nutrition\DailyEatingDTO.java", "Java", 0, 0, 0, 0, 0, 0, 0, 0, 0, 0, 0, 0, 0, 0, 19, 0, 0, 4, 23
"c:\Personal\DATN\BodyPilot\backend\src\main\java\com\bodypilot\backend\model\dto\nutrition\DietTagDTO.java", "Java", 0, 0, 0, 0, 0, 0, 0, 0, 0, 0, 0, 0, 0, 0, 15, 0, 0, 4, 19
"c:\Personal\DATN\BodyPilot\backend\src\main\java\com\bodypilot\backend\model\dto\nutrition\FoodCandidate.java", "Java", 0, 0, 0, 0, 0, 0, 0, 0, 0, 0, 0, 0, 0, 0, 19, 0, 0, 3, 22
"c:\Personal\DATN\BodyPilot\backend\src\main\java\com\bodypilot\backend\model\dto\nutrition\FoodCategoryDTO.java", "Java", 0, 0, 0, 0, 0, 0, 0, 0, 0, 0, 0, 0, 0, 0, 17, 0, 0, 4, 21
"c:\Personal\DATN\BodyPilot\backend\src\main\java\com\bodypilot\backend\model\dto\nutrition\FoodRequest.java", "Java", 0, 0, 0, 0, 0, 0, 0, 0, 0, 0, 0, 0, 0, 0, 27, 0, 0, 4, 31
"c:\Personal\DATN\BodyPilot\backend\src\main\java\com\bodypilot\backend\model\dto\nutrition\FoodResponse.java", "Java", 0, 0, 0, 0, 0, 0, 0, 0, 0, 0, 0, 0, 0, 0, 33, 0, 0, 4, 37
"c:\Personal\DATN\BodyPilot\backend\src\main\java\com\bodypilot\backend\model\dto\nutrition\FoodServingDTO.java", "Java", 0, 0, 0, 0, 0, 0, 0, 0, 0, 0, 0, 0, 0, 0, 17, 0, 0, 4, 21
"c:\Personal\DATN\BodyPilot\backend\src\main\java\com\bodypilot\backend\model\dto\nutrition\FoodSmartSwapCandidateDTO.java", "Java", 0, 0, 0, 0, 0, 0, 0, 0, 0, 0, 0, 0, 0, 0, 24, 0, 0, 4, 28
"c:\Personal\DATN\BodyPilot\backend\src\main\java\com\bodypilot\backend\model\dto\nutrition\FoodSmartSwapRequest.java", "Java", 0, 0, 0, 0, 0, 0, 0, 0, 0, 0, 0, 0, 0, 0, 15, 0, 0, 4, 19
"c:\Personal\DATN\BodyPilot\backend\src\main\java\com\bodypilot\backend\model\dto\nutrition\FoodSummaryResponse.java", "Java", 0, 0, 0, 0, 0, 0, 0, 0, 0, 0, 0, 0, 0, 0, 25, 0, 0, 4, 29
"c:\Personal\DATN\BodyPilot\backend\src\main\java\com\bodypilot\backend\model\dto\nutrition\MealItemDTO.java", "Java", 0, 0, 0, 0, 0, 0, 0, 0, 0, 0, 0, 0, 0, 0, 33, 0, 1, 13, 47
"c:\Personal\DATN\BodyPilot\backend\src\main\java\com\bodypilot\backend\model\dto\nutrition\MealSlotDTO.java", "Java", 0, 0, 0, 0, 0, 0, 0, 0, 0, 0, 0, 0, 0, 0, 17, 0, 0, 4, 21
"c:\Personal\DATN\BodyPilot\backend\src\main\java\com\bodypilot\backend\model\dto\nutrition\RecipeDTO.java", "Java", 0, 0, 0, 0, 0, 0, 0, 0, 0, 0, 0, 0, 0, 0, 18, 0, 0, 4, 22
"c:\Personal\DATN\BodyPilot\backend\src\main\java\com\bodypilot\backend\model\dto\nutrition\RecipeIngredientDTO.java", "Java", 0, 0, 0, 0, 0, 0, 0, 0, 0, 0, 0, 0, 0, 0, 18, 0, 0, 4, 22
"c:\Personal\DATN\BodyPilot\backend\src\main\java\com\bodypilot\backend\model\dto\nutrition\RecipeIngredientRequest.java", "Java", 0, 0, 0, 0, 0, 0, 0, 0, 0, 0, 0, 0, 0, 0, 15, 0, 0, 4, 19
"c:\Personal\DATN\BodyPilot\backend\src\main\java\com\bodypilot\backend\model\dto\nutrition\RecipeRequest.java", "Java", 0, 0, 0, 0, 0, 0, 0, 0, 0, 0, 0, 0, 0, 0, 16, 0, 0, 4, 20
"c:\Personal\DATN\BodyPilot\backend\src\main\java\com\bodypilot\backend\model\dto\step\StepHistoryDTO.java", "Java", 0, 0, 0, 0, 0, 0, 0, 0, 0, 0, 0, 0, 0, 0, 18, 0, 0, 4, 22
"c:\Personal\DATN\BodyPilot\backend\src\main\java\com\bodypilot\backend\model\dto\step\StepSyncRequest.java", "Java", 0, 0, 0, 0, 0, 0, 0, 0, 0, 0, 0, 0, 0, 0, 16, 0, 0, 4, 20
"c:\Personal\DATN\BodyPilot\backend\src\main\java\com\bodypilot\backend\model\dto\user\AssessmentSubmissionRequest.java", "Java", 0, 0, 0, 0, 0, 0, 0, 0, 0, 0, 0, 0, 0, 0, 29, 0, 0, 5, 34
"c:\Personal\DATN\BodyPilot\backend\src\main\java\com\bodypilot\backend\model\dto\user\ProfileDTO.java", "Java", 0, 0, 0, 0, 0, 0, 0, 0, 0, 0, 0, 0, 0, 0, 17, 0, 0, 3, 20
"c:\Personal\DATN\BodyPilot\backend\src\main\java\com\bodypilot\backend\model\dto\user\UserAllergyUpdateRequest.java", "Java", 0, 0, 0, 0, 0, 0, 0, 0, 0, 0, 0, 0, 0, 0, 14, 0, 0, 3, 17
"c:\Personal\DATN\BodyPilot\backend\src\main\java\com\bodypilot\backend\model\dto\user\UserMetricsResponse.java", "Java", 0, 0, 0, 0, 0, 0, 0, 0, 0, 0, 0, 0, 0, 0, 16, 0, 0, 3, 19
"c:\Personal\DATN\BodyPilot\backend\src\main\java\com\bodypilot\backend\model\dto\user\UserPreferencesUpdateRequest.java", "Java", 0, 0, 0, 0, 0, 0, 0, 0, 0, 0, 0, 0, 0, 0, 19, 0, 0, 3, 22
"c:\Personal\DATN\BodyPilot\backend\src\main\java\com\bodypilot\backend\model\dto\user\UserProfileResponse.java", "Java", 0, 0, 0, 0, 0, 0, 0, 0, 0, 0, 0, 0, 0, 0, 10, 0, 0, 3, 13
"c:\Personal\DATN\BodyPilot\backend\src\main\java\com\bodypilot\backend\model\dto\user\UserResponse.java", "Java", 0, 0, 0, 0, 0, 0, 0, 0, 0, 0, 0, 0, 0, 0, 14, 0, 0, 3, 17
"c:\Personal\DATN\BodyPilot\backend\src\main\java\com\bodypilot\backend\model\dto\workout\ActualPerformanceDTO.java", "Java", 0, 0, 0, 0, 0, 0, 0, 0, 0, 0, 0, 0, 0, 0, 18, 0, 0, 4, 22
"c:\Personal\DATN\BodyPilot\backend\src\main\java\com\bodypilot\backend\model\dto\workout\BodyPartDTO.java", "Java", 0, 0, 0, 0, 0, 0, 0, 0, 0, 0, 0, 0, 0, 0, 17, 0, 0, 4, 21
"c:\Personal\DATN\BodyPilot\backend\src\main\java\com\bodypilot\backend\model\dto\workout\DailyWorkoutDTO.java", "Java", 0, 0, 0, 0, 0, 0, 0, 0, 0, 0, 0, 0, 0, 0, 19, 0, 0, 4, 23
"c:\Personal\DATN\BodyPilot\backend\src\main\java\com\bodypilot\backend\model\dto\workout\DailyWorkoutItemDTO.java", "Java", 0, 0, 0, 0, 0, 0, 0, 0, 0, 0, 0, 0, 0, 0, 32, 0, 0, 13, 45
"c:\Personal\DATN\BodyPilot\backend\src\main\java\com\bodypilot\backend\model\dto\workout\ExerciseCandidate.java", "Java", 0, 0, 0, 0, 0, 0, 0, 0, 0, 0, 0, 0, 0, 0, 15, 0, 0, 4, 19
"c:\Personal\DATN\BodyPilot\backend\src\main\java\com\bodypilot\backend\model\dto\workout\ExerciseDTO.java", "Java", 0, 0, 0, 0, 0, 0, 0, 0, 0, 0, 0, 0, 0, 0, 29, 0, 0, 4, 33
"c:\Personal\DATN\BodyPilot\backend\src\main\java\com\bodypilot\backend\model\dto\workout\ExerciseItemDTO.java", "Java", 0, 0, 0, 0, 0, 0, 0, 0, 0, 0, 0, 0, 0, 0, 20, 0, 0, 4, 24
"c:\Personal\DATN\BodyPilot\backend\src\main\java\com\bodypilot\backend\model\dto\workout\ExerciseRequest.java", "Java", 0, 0, 0, 0, 0, 0, 0, 0, 0, 0, 0, 0, 0, 0, 27, 0, 0, 4, 31
"c:\Personal\DATN\BodyPilot\backend\src\main\java\com\bodypilot\backend\model\dto\workout\ExerciseSmartSwapCandidateDTO.java", "Java", 0, 0, 0, 0, 0, 0, 0, 0, 0, 0, 0, 0, 0, 0, 21, 0, 0, 4, 25
"c:\Personal\DATN\BodyPilot\backend\src\main\java\com\bodypilot\backend\model\dto\workout\ExerciseSmartSwapRequest.java", "Java", 0, 0, 0, 0, 0, 0, 0, 0, 0, 0, 0, 0, 0, 0, 13, 0, 0, 4, 17
"c:\Personal\DATN\BodyPilot\backend\src\main\java\com\bodypilot\backend\model\dto\workout\MuscleDTO.java", "Java", 0, 0, 0, 0, 0, 0, 0, 0, 0, 0, 0, 0, 0, 0, 19, 0, 0, 4, 23
"c:\Personal\DATN\BodyPilot\backend\src\main\java\com\bodypilot\backend\model\dto\workout\WorkoutCategoryDTO.java", "Java", 0, 0, 0, 0, 0, 0, 0, 0, 0, 0, 0, 0, 0, 0, 16, 0, 0, 4, 20
"c:\Personal\DATN\BodyPilot\backend\src\main\java\com\bodypilot\backend\model\dto\workout\WorkoutPlanDTO.java", "Java", 0, 0, 0, 0, 0, 0, 0, 0, 0, 0, 0, 0, 0, 0, 22, 0, 0, 4, 26
"c:\Personal\DATN\BodyPilot\backend\src\main\java\com\bodypilot\backend\model\dto\workout\WorkoutSessionDTO.java", "Java", 0, 0, 0, 0, 0, 0, 0, 0, 0, 0, 0, 0, 0, 0, 18, 0, 0, 4, 22
"c:\Personal\DATN\BodyPilot\backend\src\main\java\com\bodypilot\backend\model\dto\workout\WorkoutSessionExerciseDTO.java", "Java", 0, 0, 0, 0, 0, 0, 0, 0, 0, 0, 0, 0, 0, 0, 21, 0, 0, 4, 25
"c:\Personal\DATN\BodyPilot\backend\src\main\java\com\bodypilot\backend\model\entity\common\BaseEntity.java", "Java", 0, 0, 0, 0, 0, 0, 0, 0, 0, 0, 0, 0, 0, 0, 23, 0, 0, 7, 30
"c:\Personal\DATN\BodyPilot\backend\src\main\java\com\bodypilot\backend\model\entity\health\AllergyMaster.java", "Java", 0, 0, 0, 0, 0, 0, 0, 0, 0, 0, 0, 0, 0, 0, 24, 0, 0, 7, 31
"c:\Personal\DATN\BodyPilot\backend\src\main\java\com\bodypilot\backend\model\entity\health\HealthCondition.java", "Java", 0, 0, 0, 0, 0, 0, 0, 0, 0, 0, 0, 0, 0, 0, 30, 0, 0, 12, 42
"c:\Personal\DATN\BodyPilot\backend\src\main\java\com\bodypilot\backend\model\entity\health\Injury.java", "Java", 0, 0, 0, 0, 0, 0, 0, 0, 0, 0, 0, 0, 0, 0, 37, 0, 0, 12, 49
"c:\Personal\DATN\BodyPilot\backend\src\main\java\com\bodypilot\backend\model\entity\notification\UserNotification.java", "Java", 0, 0, 0, 0, 0, 0, 0, 0, 0, 0, 0, 0, 0, 0, 28, 0, 0, 9, 37
"c:\Personal\DATN\BodyPilot\backend\src\main\java\com\bodypilot\backend\model\entity\nutrition\DailyEating.java", "Java", 0, 0, 0, 0, 0, 0, 0, 0, 0, 0, 0, 0, 0, 0, 50, 0, 0, 12, 62
"c:\Personal\DATN\BodyPilot\backend\src\main\java\com\bodypilot\backend\model\entity\nutrition\DietTag.java", "Java", 0, 0, 0, 0, 0, 0, 0, 0, 0, 0, 0, 0, 0, 0, 25, 0, 0, 7, 32
"c:\Personal\DATN\BodyPilot\backend\src\main\java\com\bodypilot\backend\model\entity\nutrition\Food.java", "Java", 0, 0, 0, 0, 0, 0, 0, 0, 0, 0, 0, 0, 0, 0, 73, 0, 0, 22, 95
"c:\Personal\DATN\BodyPilot\backend\src\main\java\com\bodypilot\backend\model\entity\nutrition\FoodCategory.java", "Java", 0, 0, 0, 0, 0, 0, 0, 0, 0, 0, 0, 0, 0, 0, 26, 0, 0, 8, 34
"c:\Personal\DATN\BodyPilot\backend\src\main\java\com\bodypilot\backend\model\entity\nutrition\FoodServing.java", "Java", 0, 0, 0, 0, 0, 0, 0, 0, 0, 0, 0, 0, 0, 0, 24, 0, 0, 8, 32
"c:\Personal\DATN\BodyPilot\backend\src\main\java\com\bodypilot\backend\model\entity\nutrition\MealItem.java", "Java", 0, 0, 0, 0, 0, 0, 0, 0, 0, 0, 0, 0, 0, 0, 52, 0, 1, 18, 71
"c:\Personal\DATN\BodyPilot\backend\src\main\java\com\bodypilot\backend\model\entity\nutrition\MealSlot.java", "Java", 0, 0, 0, 0, 0, 0, 0, 0, 0, 0, 0, 0, 0, 0, 36, 0, 0, 11, 47
"c:\Personal\DATN\BodyPilot\backend\src\main\java\com\bodypilot\backend\model\entity\nutrition\Recipe.java", "Java", 0, 0, 0, 0, 0, 0, 0, 0, 0, 0, 0, 0, 0, 0, 28, 0, 0, 9, 37
"c:\Personal\DATN\BodyPilot\backend\src\main\java\com\bodypilot\backend\model\entity\nutrition\RecipeIngredient.java", "Java", 0, 0, 0, 0, 0, 0, 0, 0, 0, 0, 0, 0, 0, 0, 24, 0, 0, 8, 32
"c:\Personal\DATN\BodyPilot\backend\src\main\java\com\bodypilot\backend\model\entity\user\User.java", "Java", 0, 0, 0, 0, 0, 0, 0, 0, 0, 0, 0, 0, 0, 0, 22, 0, 0, 7, 29
"c:\Personal\DATN\BodyPilot\backend\src\main\java\com\bodypilot\backend\model\entity\user\UserAllergy.java", "Java", 0, 0, 0, 0, 0, 0, 0, 0, 0, 0, 0, 0, 0, 0, 34, 0, 0, 8, 42
"c:\Personal\DATN\BodyPilot\backend\src\main\java\com\bodypilot\backend\model\entity\user\UserCheckInHistory.java", "Java", 0, 0, 0, 0, 0, 0, 0, 0, 0, 0, 0, 0, 0, 0, 48, 0, 0, 21, 69
"c:\Personal\DATN\BodyPilot\backend\src\main\java\com\bodypilot\backend\model\entity\user\UserDietPreference.java", "Java", 0, 0, 0, 0, 0, 0, 0, 0, 0, 0, 0, 0, 0, 0, 33, 0, 0, 7, 40
"c:\Personal\DATN\BodyPilot\backend\src\main\java\com\bodypilot\backend\model\entity\user\UserFoodPreference.java", "Java", 0, 0, 0, 0, 0, 0, 0, 0, 0, 0, 0, 0, 0, 0, 30, 0, 0, 7, 37
"c:\Personal\DATN\BodyPilot\backend\src\main\java\com\bodypilot\backend\model\entity\user\UserGoal.java", "Java", 0, 0, 0, 0, 0, 0, 0, 0, 0, 0, 0, 0, 0, 0, 21, 0, 0, 8, 29
"c:\Personal\DATN\BodyPilot\backend\src\main\java\com\bodypilot\backend\model\entity\user\UserHealthCondition.java", "Java", 0, 0, 0, 0, 0, 0, 0, 0, 0, 0, 0, 0, 0, 0, 25, 0, 0, 7, 32
"c:\Personal\DATN\BodyPilot\backend\src\main\java\com\bodypilot\backend\model\entity\user\UserInjury.java", "Java", 0, 0, 0, 0, 0, 0, 0, 0, 0, 0, 0, 0, 0, 0, 28, 0, 0, 8, 36
"c:\Personal\DATN\BodyPilot\backend\src\main\java\com\bodypilot\backend\model\entity\user\UserMetricHistory.java", "Java", 0, 0, 0, 0, 0, 0, 0, 0, 0, 0, 0, 0, 0, 0, 26, 0, 0, 13, 39
"c:\Personal\DATN\BodyPilot\backend\src\main\java\com\bodypilot\backend\model\entity\user\UserProfile.java", "Java", 0, 0, 0, 0, 0, 0, 0, 0, 0, 0, 0, 0, 0, 0, 30, 0, 0, 14, 44
"c:\Personal\DATN\BodyPilot\backend\src\main\java\com\bodypilot\backend\model\entity\user\UserStepHistory.java", "Java", 0, 0, 0, 0, 0, 0, 0, 0, 0, 0, 0, 0, 0, 0, 30, 0, 0, 9, 39
"c:\Personal\DATN\BodyPilot\backend\src\main\java\com\bodypilot\backend\model\entity\workout\BodyPart.java", "Java", 0, 0, 0, 0, 0, 0, 0, 0, 0, 0, 0, 0, 0, 0, 27, 0, 0, 6, 33
"c:\Personal\DATN\BodyPilot\backend\src\main\java\com\bodypilot\backend\model\entity\workout\DailyWorkout.java", "Java", 0, 0, 0, 0, 0, 0, 0, 0, 0, 0, 0, 0, 0, 0, 42, 0, 0, 12, 54
"c:\Personal\DATN\BodyPilot\backend\src\main\java\com\bodypilot\backend\model\entity\workout\DailyWorkoutItem.java", "Java", 0, 0, 0, 0, 0, 0, 0, 0, 0, 0, 0, 0, 0, 0, 47, 0, 1, 17, 65
"c:\Personal\DATN\BodyPilot\backend\src\main\java\com\bodypilot\backend\model\entity\workout\Exercise.java", "Java", 0, 0, 0, 0, 0, 0, 0, 0, 0, 0, 0, 0, 0, 0, 63, 0, 0, 18, 81
"c:\Personal\DATN\BodyPilot\backend\src\main\java\com\bodypilot\backend\model\entity\workout\Muscle.java", "Java", 0, 0, 0, 0, 0, 0, 0, 0, 0, 0, 0, 0, 0, 0, 33, 0, 0, 8, 41
"c:\Personal\DATN\BodyPilot\backend\src\main\java\com\bodypilot\backend\model\entity\workout\WorkoutCategory.java", "Java", 0, 0, 0, 0, 0, 0, 0, 0, 0, 0, 0, 0, 0, 0, 25, 0, 0, 6, 31
"c:\Personal\DATN\BodyPilot\backend\src\main\java\com\bodypilot\backend\model\entity\workout\WorkoutLog.java", "Java", 0, 0, 0, 0, 0, 0, 0, 0, 0, 0, 0, 0, 0, 0, 47, 0, 0, 12, 59
"c:\Personal\DATN\BodyPilot\backend\src\main\java\com\bodypilot\backend\model\entity\workout\WorkoutPlan.java", "Java", 0, 0, 0, 0, 0, 0, 0, 0, 0, 0, 0, 0, 0, 0, 43, 0, 0, 11, 54
"c:\Personal\DATN\BodyPilot\backend\src\main\java\com\bodypilot\backend\model\entity\workout\WorkoutSession.java", "Java", 0, 0, 0, 0, 0, 0, 0, 0, 0, 0, 0, 0, 0, 0, 35, 0, 0, 8, 43
"c:\Personal\DATN\BodyPilot\backend\src\main\java\com\bodypilot\backend\model\entity\workout\WorkoutSessionExercise.java", "Java", 0, 0, 0, 0, 0, 0, 0, 0, 0, 0, 0, 0, 0, 0, 40, 0, 0, 11, 51
"c:\Personal\DATN\BodyPilot\backend\src\main\java\com\bodypilot\backend\model\enums\ActivityLevel.java", "Java", 0, 0, 0, 0, 0, 0, 0, 0, 0, 0, 0, 0, 0, 0, 13, 0, 0, 4, 17
"c:\Personal\DATN\BodyPilot\backend\src\main\java\com\bodypilot\backend\model\enums\CategoryAppliesTo.java", "Java", 0, 0, 0, 0, 0, 0, 0, 0, 0, 0, 0, 0, 0, 0, 6, 0, 0, 2, 8
"c:\Personal\DATN\BodyPilot\backend\src\main\java\com\bodypilot\backend\model\enums\DietAdherenceLevel.java", "Java", 0, 0, 0, 0, 0, 0, 0, 0, 0, 0, 0, 0, 0, 0, 6, 0, 0, 2, 8
"c:\Personal\DATN\BodyPilot\backend\src\main\java\com\bodypilot\backend\model\enums\DifficultyLevel.java", "Java", 0, 0, 0, 0, 0, 0, 0, 0, 0, 0, 0, 0, 0, 0, 6, 0, 0, 2, 8
"c:\Personal\DATN\BodyPilot\backend\src\main\java\com\bodypilot\backend\model\enums\DislikedFoodGroup.java", "Java", 0, 0, 0, 0, 0, 0, 0, 0, 0, 0, 0, 0, 0, 0, 12, 0, 0, 2, 14
"c:\Personal\DATN\BodyPilot\backend\src\main\java\com\bodypilot\backend\model\enums\FoodBudget.java", "Java", 0, 0, 0, 0, 0, 0, 0, 0, 0, 0, 0, 0, 0, 0, 6, 0, 0, 2, 8
"c:\Personal\DATN\BodyPilot\backend\src\main\java\com\bodypilot\backend\model\enums\FoodPreferenceType.java", "Java", 0, 0, 0, 0, 0, 0, 0, 0, 0, 0, 0, 0, 0, 0, 7, 0, 0, 2, 9
"c:\Personal\DATN\BodyPilot\backend\src\main\java\com\bodypilot\backend\model\enums\FoodType.java", "Java", 0, 0, 0, 0, 0, 0, 0, 0, 0, 0, 0, 0, 0, 0, 6, 0, 0, 2, 8
"c:\Personal\DATN\BodyPilot\backend\src\main\java\com\bodypilot\backend\model\enums\Gender.java", "Java", 0, 0, 0, 0, 0, 0, 0, 0, 0, 0, 0, 0, 0, 0, 5, 0, 0, 2, 7
"c:\Personal\DATN\BodyPilot\backend\src\main\java\com\bodypilot\backend\model\enums\Goal.java", "Java", 0, 0, 0, 0, 0, 0, 0, 0, 0, 0, 0, 0, 0, 0, 11, 0, 0, 2, 13
"c:\Personal\DATN\BodyPilot\backend\src\main\java\com\bodypilot\backend\model\enums\MealType.java", "Java", 0, 0, 0, 0, 0, 0, 0, 0, 0, 0, 0, 0, 0, 0, 10, 0, 0, 2, 12
"c:\Personal\DATN\BodyPilot\backend\src\main\java\com\bodypilot\backend\model\enums\RecoveryStatus.java", "Java", 0, 0, 0, 0, 0, 0, 0, 0, 0, 0, 0, 0, 0, 0, 4, 0, 0, 2, 6
"c:\Personal\DATN\BodyPilot\backend\src\main\java\com\bodypilot\backend\model\enums\SeverityLevel.java", "Java", 0, 0, 0, 0, 0, 0, 0, 0, 0, 0, 0, 0, 0, 0, 4, 0, 0, 2, 6
"c:\Personal\DATN\BodyPilot\backend\src\main\java\com\bodypilot\backend\repository\AllergyMasterRepository.java", "Java", 0, 0, 0, 0, 0, 0, 0, 0, 0, 0, 0, 0, 0, 0, 12, 0, 0, 4, 16
"c:\Personal\DATN\BodyPilot\backend\src\main\java\com\bodypilot\backend\repository\BodyPartRepository.java", "Java", 0, 0, 0, 0, 0, 0, 0, 0, 0, 0, 0, 0, 0, 0, 10, 0, 0, 4, 14
"c:\Personal\DATN\BodyPilot\backend\src\main\java\com\bodypilot\backend\repository\DailyEatingRepository.java", "Java", 0, 0, 0, 0, 0, 0, 0, 0, 0, 0, 0, 0, 0, 0, 17, 0, 0, 6, 23
"c:\Personal\DATN\BodyPilot\backend\src\main\java\com\bodypilot\backend\repository\DailyWorkoutItemRepository.java", "Java", 0, 0, 0, 0, 0, 0, 0, 0, 0, 0, 0, 0, 0, 0, 8, 0, 0, 4, 12
"c:\Personal\DATN\BodyPilot\backend\src\main\java\com\bodypilot\backend\repository\DailyWorkoutRepository.java", "Java", 0, 0, 0, 0, 0, 0, 0, 0, 0, 0, 0, 0, 0, 0, 17, 0, 0, 6, 23
"c:\Personal\DATN\BodyPilot\backend\src\main\java\com\bodypilot\backend\repository\DietTagRepository.java", "Java", 0, 0, 0, 0, 0, 0, 0, 0, 0, 0, 0, 0, 0, 0, 6, 0, 0, 4, 10
"c:\Personal\DATN\BodyPilot\backend\src\main\java\com\bodypilot\backend\repository\ExerciseRepository.java", "Java", 0, 0, 0, 0, 0, 0, 0, 0, 0, 0, 0, 0, 0, 0, 29, 0, 0, 6, 35
"c:\Personal\DATN\BodyPilot\backend\src\main\java\com\bodypilot\backend\repository\FoodCategoryRepository.java", "Java", 0, 0, 0, 0, 0, 0, 0, 0, 0, 0, 0, 0, 0, 0, 6, 0, 0, 4, 10
"c:\Personal\DATN\BodyPilot\backend\src\main\java\com\bodypilot\backend\repository\FoodRepository.java", "Java", 0, 0, 0, 0, 0, 0, 0, 0, 0, 0, 0, 0, 0, 0, 28, 0, 0, 11, 39
"c:\Personal\DATN\BodyPilot\backend\src\main\java\com\bodypilot\backend\repository\HealthConditionRepository.java", "Java", 0, 0, 0, 0, 0, 0, 0, 0, 0, 0, 0, 0, 0, 0, 12, 0, 0, 4, 16
"c:\Personal\DATN\BodyPilot\backend\src\main\java\com\bodypilot\backend\repository\InjuryRepository.java", "Java", 0, 0, 0, 0, 0, 0, 0, 0, 0, 0, 0, 0, 0, 0, 12, 0, 0, 4, 16
"c:\Personal\DATN\BodyPilot\backend\src\main\java\com\bodypilot\backend\repository\MealItemRepository.java", "Java", 0, 0, 0, 0, 0, 0, 0, 0, 0, 0, 0, 0, 0, 0, 11, 0, 0, 4, 15
"c:\Personal\DATN\BodyPilot\backend\src\main\java\com\bodypilot\backend\repository\MealSlotRepository.java", "Java", 0, 0, 0, 0, 0, 0, 0, 0, 0, 0, 0, 0, 0, 0, 12, 0, 0, 4, 16
"c:\Personal\DATN\BodyPilot\backend\src\main\java\com\bodypilot\backend\repository\MuscleRepository.java", "Java", 0, 0, 0, 0, 0, 0, 0, 0, 0, 0, 0, 0, 0, 0, 12, 0, 0, 4, 16
"c:\Personal\DATN\BodyPilot\backend\src\main\java\com\bodypilot\backend\repository\UserAllergyRepository.java", "Java", 0, 0, 0, 0, 0, 0, 0, 0, 0, 0, 0, 0, 0, 0, 14, 0, 0, 4, 18
"c:\Personal\DATN\BodyPilot\backend\src\main\java\com\bodypilot\backend\repository\UserCheckInHistoryRepository.java", "Java", 0, 0, 0, 0, 0, 0, 0, 0, 0, 0, 0, 0, 0, 0, 14, 0, 0, 4, 18
"c:\Personal\DATN\BodyPilot\backend\src\main\java\com\bodypilot\backend\repository\UserDietPreferenceRepository.java", "Java", 0, 0, 0, 0, 0, 0, 0, 0, 0, 0, 0, 0, 0, 0, 14, 0, 0, 4, 18
"c:\Personal\DATN\BodyPilot\backend\src\main\java\com\bodypilot\backend\repository\UserFoodPreferenceRepository.java", "Java", 0, 0, 0, 0, 0, 0, 0, 0, 0, 0, 0, 0, 0, 0, 14, 0, 0, 4, 18
"c:\Personal\DATN\BodyPilot\backend\src\main\java\com\bodypilot\backend\repository\UserGoalRepository.java", "Java", 0, 0, 0, 0, 0, 0, 0, 0, 0, 0, 0, 0, 0, 0, 11, 0, 0, 3, 14
"c:\Personal\DATN\BodyPilot\backend\src\main\java\com\bodypilot\backend\repository\UserHealthConditionRepository.java", "Java", 0, 0, 0, 0, 0, 0, 0, 0, 0, 0, 0, 0, 0, 0, 14, 0, 0, 4, 18
"c:\Personal\DATN\BodyPilot\backend\src\main\java\com\bodypilot\backend\repository\UserInjuryRepository.java", "Java", 0, 0, 0, 0, 0, 0, 0, 0, 0, 0, 0, 0, 0, 0, 14, 0, 0, 4, 18
"c:\Personal\DATN\BodyPilot\backend\src\main\java\com\bodypilot\backend\repository\UserMetricHistoryRepository.java", "Java", 0, 0, 0, 0, 0, 0, 0, 0, 0, 0, 0, 0, 0, 0, 8, 0, 0, 3, 11
"c:\Personal\DATN\BodyPilot\backend\src\main\java\com\bodypilot\backend\repository\UserNotificationRepository.java", "Java", 0, 0, 0, 0, 0, 0, 0, 0, 0, 0, 0, 0, 0, 0, 17, 0, 0, 7, 24
"c:\Personal\DATN\BodyPilot\backend\src\main\java\com\bodypilot\backend\repository\UserProfileRepository.java", "Java", 0, 0, 0, 0, 0, 0, 0, 0, 0, 0, 0, 0, 0, 0, 8, 0, 0, 3, 11
"c:\Personal\DATN\BodyPilot\backend\src\main\java\com\bodypilot\backend\repository\UserRepository.java", "Java", 0, 0, 0, 0, 0, 0, 0, 0, 0, 0, 0, 0, 0, 0, 11, 0, 0, 4, 15
"c:\Personal\DATN\BodyPilot\backend\src\main\java\com\bodypilot\backend\repository\UserStepHistoryRepository.java", "Java", 0, 0, 0, 0, 0, 0, 0, 0, 0, 0, 0, 0, 0, 0, 14, 0, 0, 7, 21
"c:\Personal\DATN\BodyPilot\backend\src\main\java\com\bodypilot\backend\repository\WorkoutCategoryRepository.java", "Java", 0, 0, 0, 0, 0, 0, 0, 0, 0, 0, 0, 0, 0, 0, 10, 0, 0, 4, 14
"c:\Personal\DATN\BodyPilot\backend\src\main\java\com\bodypilot\backend\repository\WorkoutPlanRepository.java", "Java", 0, 0, 0, 0, 0, 0, 0, 0, 0, 0, 0, 0, 0, 0, 9, 0, 0, 3, 12
"c:\Personal\DATN\BodyPilot\backend\src\main\java\com\bodypilot\backend\repository\WorkoutSessionExerciseRepository.java", "Java", 0, 0, 0, 0, 0, 0, 0, 0, 0, 0, 0, 0, 0, 0, 9, 0, 0, 3, 12
"c:\Personal\DATN\BodyPilot\backend\src\main\java\com\bodypilot\backend\repository\WorkoutSessionRepository.java", "Java", 0, 0, 0, 0, 0, 0, 0, 0, 0, 0, 0, 0, 0, 0, 9, 0, 0, 3, 12
"c:\Personal\DATN\BodyPilot\backend\src\main\java\com\bodypilot\backend\security\JwtAuthenticationFilter.java", "Java", 0, 0, 0, 0, 0, 0, 0, 0, 0, 0, 0, 0, 0, 0, 57, 0, 2, 6, 65
"c:\Personal\DATN\BodyPilot\backend\src\main\java\com\bodypilot\backend\security\JwtService.java", "Java", 0, 0, 0, 0, 0, 0, 0, 0, 0, 0, 0, 0, 0, 0, 71, 0, 1, 15, 87
"c:\Personal\DATN\BodyPilot\backend\src\main\java\com\bodypilot\backend\service\AdminService.java", "Java", 0, 0, 0, 0, 0, 0, 0, 0, 0, 0, 0, 0, 0, 0, 5, 0, 0, 3, 8
"c:\Personal\DATN\BodyPilot\backend\src\main\java\com\bodypilot\backend\service\AssessmentService.java", "Java", 0, 0, 0, 0, 0, 0, 0, 0, 0, 0, 0, 0, 0, 0, 6, 0, 0, 3, 9
"c:\Personal\DATN\BodyPilot\backend\src\main\java\com\bodypilot\backend\service\AuthService.java", "Java", 0, 0, 0, 0, 0, 0, 0, 0, 0, 0, 0, 0, 0, 0, 10, 0, 0, 4, 14
"c:\Personal\DATN\BodyPilot\backend\src\main\java\com\bodypilot\backend\service\CalorieCalculatorService.java", "Java", 0, 0, 0, 0, 0, 0, 0, 0, 0, 0, 0, 0, 0, 0, 90, 0, 7, 16, 113
"c:\Personal\DATN\BodyPilot\backend\src\main\java\com\bodypilot\backend\service\ChatbotService.java", "Java", 0, 0, 0, 0, 0, 0, 0, 0, 0, 0, 0, 0, 0, 0, 7, 0, 0, 4, 11
"c:\Personal\DATN\BodyPilot\backend\src\main\java\com\bodypilot\backend\service\CheckInService.java", "Java", 0, 0, 0, 0, 0, 0, 0, 0, 0, 0, 0, 0, 0, 0, 9, 0, 0, 4, 13
"c:\Personal\DATN\BodyPilot\backend\src\main\java\com\bodypilot\backend\service\ExerciseService.java", "Java", 0, 0, 0, 0, 0, 0, 0, 0, 0, 0, 0, 0, 0, 0, 20, 0, 0, 4, 24
"c:\Personal\DATN\BodyPilot\backend\src\main\java\com\bodypilot\backend\service\FcmService.java", "Java", 0, 0, 0, 0, 0, 0, 0, 0, 0, 0, 0, 0, 0, 0, 89, 0, 0, 13, 102
"c:\Personal\DATN\BodyPilot\backend\src\main\java\com\bodypilot\backend\service\FoodService.java", "Java", 0, 0, 0, 0, 0, 0, 0, 0, 0, 0, 0, 0, 0, 0, 20, 0, 0, 4, 24
"c:\Personal\DATN\BodyPilot\backend\src\main\java\com\bodypilot\backend\service\GeminiService.java", "Java", 0, 0, 0, 0, 0, 0, 0, 0, 0, 0, 0, 0, 0, 0, 26, 0, 0, 5, 31
"c:\Personal\DATN\BodyPilot\backend\src\main\java\com\bodypilot\backend\service\HealthInjuryService.java", "Java", 0, 0, 0, 0, 0, 0, 0, 0, 0, 0, 0, 0, 0, 0, 172, 0, 8, 28, 208
"c:\Personal\DATN\BodyPilot\backend\src\main\java\com\bodypilot\backend\service\NotificationSchedulerService.java", "Java", 0, 0, 0, 0, 0, 0, 0, 0, 0, 0, 0, 0, 0, 0, 72, 0, 0, 9, 81
"c:\Personal\DATN\BodyPilot\backend\src\main\java\com\bodypilot\backend\service\NotificationService.java", "Java", 0, 0, 0, 0, 0, 0, 0, 0, 0, 0, 0, 0, 0, 0, 13, 0, 0, 4, 17
"c:\Personal\DATN\BodyPilot\backend\src\main\java\com\bodypilot\backend\service\NutritionDiaryService.java", "Java", 0, 0, 0, 0, 0, 0, 0, 0, 0, 0, 0, 0, 0, 0, 23, 0, 1, 6, 30
"c:\Personal\DATN\BodyPilot\backend\src\main\java\com\bodypilot\backend\service\SmartSwapService.java", "Java", 0, 0, 0, 0, 0, 0, 0, 0, 0, 0, 0, 0, 0, 0, 11, 0, 0, 4, 15
"c:\Personal\DATN\BodyPilot\backend\src\main\java\com\bodypilot\backend\service\StepService.java", "Java", 0, 0, 0, 0, 0, 0, 0, 0, 0, 0, 0, 0, 0, 0, 11, 0, 0, 4, 15
"c:\Personal\DATN\BodyPilot\backend\src\main\java\com\bodypilot\backend\service\UserService.java", "Java", 0, 0, 0, 0, 0, 0, 0, 0, 0, 0, 0, 0, 0, 0, 15, 0, 0, 3, 18
"c:\Personal\DATN\BodyPilot\backend\src\main\java\com\bodypilot\backend\service\WorkoutDiaryService.java", "Java", 0, 0, 0, 0, 0, 0, 0, 0, 0, 0, 0, 0, 0, 0, 20, 0, 0, 4, 24
"c:\Personal\DATN\BodyPilot\backend\src\main\java\com\bodypilot\backend\service\WorkoutPlanService.java", "Java", 0, 0, 0, 0, 0, 0, 0, 0, 0, 0, 0, 0, 0, 0, 14, 0, 0, 4, 18
"c:\Personal\DATN\BodyPilot\backend\src\main\java\com\bodypilot\backend\service\WorkoutSessionService.java", "Java", 0, 0, 0, 0, 0, 0, 0, 0, 0, 0, 0, 0, 0, 0, 11, 0, 0, 4, 15
"c:\Personal\DATN\BodyPilot\backend\src\main\java\com\bodypilot\backend\service\impl\AdminServiceImpl.java", "Java", 0, 0, 0, 0, 0, 0, 0, 0, 0, 0, 0, 0, 0, 0, 77, 0, 2, 13, 92
"c:\Personal\DATN\BodyPilot\backend\src\main\java\com\bodypilot\backend\service\impl\AssessmentServiceImpl.java", "Java", 0, 0, 0, 0, 0, 0, 0, 0, 0, 0, 0, 0, 0, 0, 188, 0, 12, 22, 222
"c:\Personal\DATN\BodyPilot\backend\src\main\java\com\bodypilot\backend\service\impl\AuthServiceImpl.java", "Java", 0, 0, 0, 0, 0, 0, 0, 0, 0, 0, 0, 0, 0, 0, 123, 0, 0, 23, 146
"c:\Personal\DATN\BodyPilot\backend\src\main\java\com\bodypilot\backend\service\impl\ChatbotServiceImpl.java", "Java", 0, 0, 0, 0, 0, 0, 0, 0, 0, 0, 0, 0, 0, 0, 142, 0, 7, 29, 178
"c:\Personal\DATN\BodyPilot\backend\src\main\java\com\bodypilot\backend\service\impl\CheckInServiceImpl.java", "Java", 0, 0, 0, 0, 0, 0, 0, 0, 0, 0, 0, 0, 0, 0, 285, 0, 7, 41, 333
"c:\Personal\DATN\BodyPilot\backend\src\main\java\com\bodypilot\backend\service\impl\DietSuggestionHelper.java", "Java", 0, 0, 0, 0, 0, 0, 0, 0, 0, 0, 0, 0, 0, 0, 755, 0, 10, 87, 852
"c:\Personal\DATN\BodyPilot\backend\src\main\java\com\bodypilot\backend\service\impl\ExerciseServiceImpl.java", "Java", 0, 0, 0, 0, 0, 0, 0, 0, 0, 0, 0, 0, 0, 0, 187, 0, 0, 26, 213
"c:\Personal\DATN\BodyPilot\backend\src\main\java\com\bodypilot\backend\service\impl\FoodServiceImpl.java", "Java", 0, 0, 0, 0, 0, 0, 0, 0, 0, 0, 0, 0, 0, 0, 243, 0, 3, 26, 272
"c:\Personal\DATN\BodyPilot\backend\src\main\java\com\bodypilot\backend\service\impl\GeminiClient.java", "Java", 0, 0, 0, 0, 0, 0, 0, 0, 0, 0, 0, 0, 0, 0, 107, 0, 4, 28, 139
"c:\Personal\DATN\BodyPilot\backend\src\main\java\com\bodypilot\backend\service\impl\GeminiServiceImpl.java", "Java", 0, 0, 0, 0, 0, 0, 0, 0, 0, 0, 0, 0, 0, 0, 130, 0, 0, 29, 159
"c:\Personal\DATN\BodyPilot\backend\src\main\java\com\bodypilot\backend\service\impl\GroqClient.java", "Java", 0, 0, 0, 0, 0, 0, 0, 0, 0, 0, 0, 0, 0, 0, 81, 0, 0, 23, 104
"c:\Personal\DATN\BodyPilot\backend\src\main\java\com\bodypilot\backend\service\impl\LlmRouterService.java", "Java", 0, 0, 0, 0, 0, 0, 0, 0, 0, 0, 0, 0, 0, 0, 58, 0, 1, 13, 72
"c:\Personal\DATN\BodyPilot\backend\src\main\java\com\bodypilot\backend\service\impl\NotificationServiceImpl.java", "Java", 0, 0, 0, 0, 0, 0, 0, 0, 0, 0, 0, 0, 0, 0, 84, 0, 0, 14, 98
"c:\Personal\DATN\BodyPilot\backend\src\main\java\com\bodypilot\backend\service\impl\NutritionDiaryServiceImpl.java", "Java", 0, 0, 0, 0, 0, 0, 0, 0, 0, 0, 0, 0, 0, 0, 378, 0, 6, 48, 432
"c:\Personal\DATN\BodyPilot\backend\src\main\java\com\bodypilot\backend\service\impl\SmartSwapServiceImpl.java", "Java", 0, 0, 0, 0, 0, 0, 0, 0, 0, 0, 0, 0, 0, 0, 158, 0, 4, 32, 194
"c:\Personal\DATN\BodyPilot\backend\src\main\java\com\bodypilot\backend\service\impl\StepServiceImpl.java", "Java", 0, 0, 0, 0, 0, 0, 0, 0, 0, 0, 0, 0, 0, 0, 77, 0, 0, 17, 94
"c:\Personal\DATN\BodyPilot\backend\src\main\java\com\bodypilot\backend\service\impl\UserServiceImpl.java", "Java", 0, 0, 0, 0, 0, 0, 0, 0, 0, 0, 0, 0, 0, 0, 96, 0, 0, 17, 113
"c:\Personal\DATN\BodyPilot\backend\src\main\java\com\bodypilot\backend\service\impl\WorkoutDiaryServiceImpl.java", "Java", 0, 0, 0, 0, 0, 0, 0, 0, 0, 0, 0, 0, 0, 0, 311, 0, 4, 40, 355
"c:\Personal\DATN\BodyPilot\backend\src\main\java\com\bodypilot\backend\service\impl\WorkoutPlanServiceImpl.java", "Java", 0, 0, 0, 0, 0, 0, 0, 0, 0, 0, 0, 0, 0, 0, 168, 0, 0, 28, 196
"c:\Personal\DATN\BodyPilot\backend\src\main\java\com\bodypilot\backend\service\impl\WorkoutSessionServiceImpl.java", "Java", 0, 0, 0, 0, 0, 0, 0, 0, 0, 0, 0, 0, 0, 0, 174, 0, 2, 26, 202
"c:\Personal\DATN\BodyPilot\backend\src\main\java\com\bodypilot\backend\service\impl\WorkoutSuggestionHelper.java", "Java", 0, 0, 0, 0, 0, 0, 0, 0, 0, 0, 0, 0, 0, 0, 474, 0, 5, 61, 540
"c:\Personal\DATN\BodyPilot\backend\src\main\resources\application.properties", "Java Properties", 0, 0, 0, 0, 0, 17, 0, 0, 0, 0, 0, 0, 0, 0, 0, 0, 4, 7, 28
"c:\Personal\DATN\BodyPilot\backend\src\test\java\com\bodypilot\backend\BackendApplicationTests.java", "Java", 0, 0, 0, 0, 0, 0, 0, 0, 0, 0, 0, 0, 0, 0, 9, 0, 0, 5, 14
"c:\Personal\DATN\BodyPilot\backend\src\test\java\com\bodypilot\backend\service\CalorieCalculatorServiceTest.java", "Java", 0, 0, 0, 0, 0, 0, 0, 0, 0, 0, 0, 0, 0, 0, 68, 0, 12, 28, 108
"c:\Personal\DATN\BodyPilot\core_shared\CHANGELOG.md", "Markdown", 0, 2, 0, 0, 0, 0, 0, 0, 0, 0, 0, 0, 0, 0, 0, 0, 0, 2, 4
"c:\Personal\DATN\BodyPilot\core_shared\README.md", "Markdown", 0, 27, 0, 0, 0, 0, 0, 0, 0, 0, 0, 0, 0, 0, 0, 0, 0, 13, 40
"c:\Personal\DATN\BodyPilot\core_shared\analysis_options.yaml", "YAML", 1, 0, 0, 0, 0, 0, 0, 0, 0, 0, 0, 0, 0, 0, 0, 0, 2, 2, 5
"c:\Personal\DATN\BodyPilot\core_shared\lib\core_shared.dart", "Dart", 0, 0, 0, 24, 0, 0, 0, 0, 0, 0, 0, 0, 0, 0, 0, 0, 0, 3, 27
"c:\Personal\DATN\BodyPilot\core_shared\lib\models\allergy_model.dart", "Dart", 0, 0, 0, 28, 0, 0, 0, 0, 0, 0, 0, 0, 0, 0, 0, 0, 0, 4, 32
"c:\Personal\DATN\BodyPilot\core_shared\lib\models\body_part_model.dart", "Dart", 0, 0, 0, 32, 0, 0, 0, 0, 0, 0, 0, 0, 0, 0, 0, 0, 0, 4, 36
"c:\Personal\DATN\BodyPilot\core_shared\lib\models\check_in_model.dart", "Dart", 0, 0, 0, 102, 0, 0, 0, 0, 0, 0, 0, 0, 0, 0, 0, 0, 0, 9, 111
"c:\Personal\DATN\BodyPilot\core_shared\lib\models\daily_eating_model.dart", "Dart", 0, 0, 0, 145, 0, 0, 0, 0, 0, 0, 0, 0, 0, 0, 0, 0, 1, 14, 160
"c:\Personal\DATN\BodyPilot\core_shared\lib\models\daily_workout_model.dart", "Dart", 0, 0, 0, 114, 0, 0, 0, 0, 0, 0, 0, 0, 0, 0, 0, 0, 1, 9, 124
"c:\Personal\DATN\BodyPilot\core_shared\lib\models\diet_tag_model.dart", "Dart", 0, 0, 0, 24, 0, 0, 0, 0, 0, 0, 0, 0, 0, 0, 0, 0, 0, 4, 28
"c:\Personal\DATN\BodyPilot\core_shared\lib\models\exercise_model.dart", "Dart", 0, 0, 0, 88, 0, 0, 0, 0, 0, 0, 0, 0, 0, 0, 0, 0, 0, 6, 94
"c:\Personal\DATN\BodyPilot\core_shared\lib\models\food_category_model.dart", "Dart", 0, 0, 0, 33, 0, 0, 0, 0, 0, 0, 0, 0, 0, 0, 0, 0, 0, 6, 39
"c:\Personal\DATN\BodyPilot\core_shared\lib\models\food_model.dart", "Dart", 0, 0, 0, 103, 0, 0, 0, 0, 0, 0, 0, 0, 0, 0, 0, 0, 0, 4, 107
"c:\Personal\DATN\BodyPilot\core_shared\lib\models\food_serving_model.dart", "Dart", 0, 0, 0, 28, 0, 0, 0, 0, 0, 0, 0, 0, 0, 0, 0, 0, 0, 4, 32
"c:\Personal\DATN\BodyPilot\core_shared\lib\models\goal_model.dart", "Dart", 0, 0, 0, 28, 0, 0, 0, 0, 0, 0, 0, 0, 0, 0, 0, 0, 0, 4, 32
"c:\Personal\DATN\BodyPilot\core_shared\lib\models\health_condition_model.dart", "Dart", 0, 0, 0, 28, 0, 0, 0, 0, 0, 0, 0, 0, 0, 0, 0, 0, 0, 4, 32
"c:\Personal\DATN\BodyPilot\core_shared\lib\models\injury_model.dart", "Dart", 0, 0, 0, 32, 0, 0, 0, 0, 0, 0, 0, 0, 0, 0, 0, 0, 0, 4, 36
"c:\Personal\DATN\BodyPilot\core_shared\lib\models\muscle_model.dart", "Dart", 0, 0, 0, 40, 0, 0, 0, 0, 0, 0, 0, 0, 0, 0, 0, 0, 0, 4, 44
"c:\Personal\DATN\BodyPilot\core_shared\lib\models\paginated_response.dart", "Dart", 0, 0, 0, 31, 0, 0, 0, 0, 0, 0, 0, 0, 0, 0, 0, 0, 0, 3, 34
"c:\Personal\DATN\BodyPilot\core_shared\lib\models\recipe_ingredient_model.dart", "Dart", 0, 0, 0, 32, 0, 0, 0, 0, 0, 0, 0, 0, 0, 0, 0, 0, 0, 4, 36
"c:\Personal\DATN\BodyPilot\core_shared\lib\models\recipe_model.dart", "Dart", 0, 0, 0, 36, 0, 0, 0, 0, 0, 0, 0, 0, 0, 0, 0, 0, 0, 5, 41
"c:\Personal\DATN\BodyPilot\core_shared\lib\models\user_metrics_model.dart", "Dart", 0, 0, 0, 48, 0, 0, 0, 0, 0, 0, 0, 0, 0, 0, 0, 0, 0, 4, 52
"c:\Personal\DATN\BodyPilot\core_shared\lib\models\user_model.dart", "Dart", 0, 0, 0, 41, 0, 0, 0, 0, 0, 0, 0, 0, 0, 0, 0, 0, 0, 5, 46
"c:\Personal\DATN\BodyPilot\core_shared\lib\models\user_profile_model.dart", "Dart", 0, 0, 0, 28, 0, 0, 0, 0, 0, 0, 0, 0, 0, 0, 0, 0, 0, 4, 32
"c:\Personal\DATN\BodyPilot\core_shared\lib\models\workout_category_model.dart", "Dart", 0, 0, 0, 28, 0, 0, 0, 0, 0, 0, 0, 0, 0, 0, 0, 0, 0, 3, 31
"c:\Personal\DATN\BodyPilot\core_shared\lib\models\workout_plan_model.dart", "Dart", 0, 0, 0, 47, 0, 0, 0, 0, 0, 0, 0, 0, 0, 0, 0, 0, 0, 5, 52
"c:\Personal\DATN\BodyPilot\core_shared\lib\models\workout_session_exercise_model.dart", "Dart", 0, 0, 0, 51, 0, 0, 0, 0, 0, 0, 0, 0, 0, 0, 0, 0, 0, 5, 56
"c:\Personal\DATN\BodyPilot\core_shared\lib\models\workout_session_model.dart", "Dart", 0, 0, 0, 35, 0, 0, 0, 0, 0, 0, 0, 0, 0, 0, 0, 0, 0, 5, 40
"c:\Personal\DATN\BodyPilot\core_shared\pubspec.yaml", "YAML", 15, 0, 0, 0, 0, 0, 0, 0, 0, 0, 0, 0, 0, 0, 0, 0, 32, 8, 55
"c:\Personal\DATN\BodyPilot\core_shared\test\core_shared_test.dart", "Dart", 0, 0, 0, 0, 0, 0, 0, 0, 0, 0, 0, 0, 0, 0, 0, 0, 0, 1, 1
"c:\Personal\DATN\BodyPilot\data\allergy_migration.sql", "MS SQL", 0, 0, 0, 0, 0, 0, 0, 0, 0, 0, 29, 0, 0, 0, 0, 0, 11, 8, 48
"c:\Personal\DATN\BodyPilot\data\categories\opennutrition_beverage.csv", "CSV", 0, 0, 0, 0, 0, 0, 0, 0, 0, 0, 0, 308, 0, 0, 0, 0, 0, 1, 309
"c:\Personal\DATN\BodyPilot\data\categories\opennutrition_dairy.csv", "CSV", 0, 0, 0, 0, 0, 0, 0, 0, 0, 0, 0, 215, 0, 0, 0, 0, 0, 1, 216
"c:\Personal\DATN\BodyPilot\data\categories\opennutrition_dessert.csv", "CSV", 0, 0, 0, 0, 0, 0, 0, 0, 0, 0, 0, 812, 0, 0, 0, 0, 0, 1, 813
"c:\Personal\DATN\BodyPilot\data\categories\opennutrition_dry_dish.csv", "CSV", 0, 0, 0, 0, 0, 0, 0, 0, 0, 0, 0, 147, 0, 0, 0, 0, 0, 1, 148
"c:\Personal\DATN\BodyPilot\data\categories\opennutrition_fast_food.csv", "CSV", 0, 0, 0, 0, 0, 0, 0, 0, 0, 0, 0, 243, 0, 0, 0, 0, 0, 1, 244
"c:\Personal\DATN\BodyPilot\data\categories\opennutrition_fruit.csv", "CSV", 0, 0, 0, 0, 0, 0, 0, 0, 0, 0, 0, 51, 0, 0, 0, 0, 0, 1, 52
"c:\Personal\DATN\BodyPilot\data\categories\opennutrition_grain.csv", "CSV", 0, 0, 0, 0, 0, 0, 0, 0, 0, 0, 0, 501, 0, 0, 0, 0, 0, 1, 502
"c:\Personal\DATN\BodyPilot\data\categories\opennutrition_meat.csv", "CSV", 0, 0, 0, 0, 0, 0, 0, 0, 0, 0, 0, 945, 0, 0, 0, 0, 0, 1, 946
"c:\Personal\DATN\BodyPilot\data\categories\opennutrition_noodle_soup.csv", "CSV", 0, 0, 0, 0, 0, 0, 0, 0, 0, 0, 0, 170, 0, 0, 0, 0, 0, 1, 171
"c:\Personal\DATN\BodyPilot\data\categories\opennutrition_oils.csv", "CSV", 0, 0, 0, 0, 0, 0, 0, 0, 0, 0, 0, 123, 0, 0, 0, 0, 0, 1, 124
"c:\Personal\DATN\BodyPilot\data\categories\opennutrition_seafood.csv", "CSV", 0, 0, 0, 0, 0, 0, 0, 0, 0, 0, 0, 435, 0, 0, 0, 0, 0, 1, 436
"c:\Personal\DATN\BodyPilot\data\categories\opennutrition_seasoning.csv", "CSV", 0, 0, 0, 0, 0, 0, 0, 0, 0, 0, 0, 262, 0, 0, 0, 0, 0, 1, 263
"c:\Personal\DATN\BodyPilot\data\categories\opennutrition_uncategorized.csv", "CSV", 0, 0, 0, 0, 0, 0, 0, 0, 0, 0, 0, 2983, 0, 0, 0, 0, 0, 1, 2984
"c:\Personal\DATN\BodyPilot\data\categories\opennutrition_veg.csv", "CSV", 0, 0, 0, 0, 0, 0, 0, 0, 0, 0, 0, 476, 0, 0, 0, 0, 0, 1, 477
"c:\Personal\DATN\BodyPilot\data\exercise_secondary_muscles.csv", "CSV", 0, 0, 0, 0, 0, 0, 0, 0, 0, 0, 0, 1683, 0, 0, 0, 0, 0, 1, 1684
"c:\Personal\DATN\BodyPilot\data\exercises.csv", "CSV", 0, 0, 0, 0, 0, 0, 0, 0, 0, 0, 0, 873, 0, 0, 0, 0, 0, 1, 874
"c:\Personal\DATN\BodyPilot\data\exercises.json", "JSON", 0, 0, 0, 0, 0, 0, 485, 0, 0, 0, 0, 0, 0, 0, 0, 0, 0, 0, 485
"c:\Personal\DATN\BodyPilot\data\health_injuries_schema.sql", "MS SQL", 0, 0, 0, 0, 0, 0, 0, 0, 0, 0, 66, 0, 0, 0, 0, 0, 6, 6, 78
"c:\Personal\DATN\BodyPilot\data\opennutrition_food_servings.csv", "CSV", 0, 0, 0, 0, 0, 0, 0, 0, 0, 0, 0, 653519, 0, 0, 0, 0, 0, 1, 653520
"c:\Personal\DATN\BodyPilot\data\opennutrition_food_servings_cleaned.csv", "CSV", 0, 0, 0, 0, 0, 0, 0, 0, 0, 0, 0, 15311, 0, 0, 0, 0, 0, 1, 15312
"c:\Personal\DATN\BodyPilot\data\opennutrition_food_servings_filtered.csv", "CSV", 0, 0, 0, 0, 0, 0, 0, 0, 0, 0, 0, 167385, 0, 0, 0, 0, 0, 1, 167386
"c:\Personal\DATN\BodyPilot\data\opennutrition_foods.csv", "CSV", 0, 0, 0, 0, 0, 0, 0, 0, 0, 0, 0, 7658, 0, 0, 0, 0, 0, 1, 7659
"c:\Personal\DATN\BodyPilot\data\opennutrition_foods_import.csv", "CSV", 0, 0, 0, 0, 0, 0, 0, 0, 0, 0, 0, 7658, 0, 0, 0, 0, 0, 1, 7659
"c:\Personal\DATN\BodyPilot\data\opennutrition_foods_translated.csv", "CSV", 0, 0, 0, 0, 0, 0, 0, 0, 0, 0, 0, 7658, 0, 0, 0, 0, 0, 1, 7659
"c:\Personal\DATN\BodyPilot\data\opennutrition_other.csv", "CSV", 0, 0, 0, 0, 0, 0, 0, 0, 0, 0, 0, 3003, 0, 0, 0, 0, 0, 1, 3004
"c:\Personal\DATN\BodyPilot\data\preferences_migration.sql", "MS SQL", 0, 0, 0, 0, 0, 0, 0, 0, 0, 0, 18, 0, 0, 0, 0, 0, 7, 6, 31
"c:\Personal\DATN\BodyPilot\data\servings\opennutrition_beverage_servings.csv", "CSV", 0, 0, 0, 0, 0, 0, 0, 0, 0, 0, 0, 615, 0, 0, 0, 0, 0, 1, 616
"c:\Personal\DATN\BodyPilot\data\servings\opennutrition_dairy_servings.csv", "CSV", 0, 0, 0, 0, 0, 0, 0, 0, 0, 0, 0, 429, 0, 0, 0, 0, 0, 1, 430
"c:\Personal\DATN\BodyPilot\data\servings\opennutrition_dessert_servings.csv", "CSV", 0, 0, 0, 0, 0, 0, 0, 0, 0, 0, 0, 1623, 0, 0, 0, 0, 0, 1, 1624
"c:\Personal\DATN\BodyPilot\data\servings\opennutrition_dry_dish_servings.csv", "CSV", 0, 0, 0, 0, 0, 0, 0, 0, 0, 0, 0, 293, 0, 0, 0, 0, 0, 1, 294
"c:\Personal\DATN\BodyPilot\data\servings\opennutrition_fast_food_servings.csv", "CSV", 0, 0, 0, 0, 0, 0, 0, 0, 0, 0, 0, 485, 0, 0, 0, 0, 0, 1, 486
"c:\Personal\DATN\BodyPilot\data\servings\opennutrition_fruit_servings.csv", "CSV", 0, 0, 0, 0, 0, 0, 0, 0, 0, 0, 0, 101, 0, 0, 0, 0, 0, 1, 102
"c:\Personal\DATN\BodyPilot\data\servings\opennutrition_grain_servings.csv", "CSV", 0, 0, 0, 0, 0, 0, 0, 0, 0, 0, 0, 1001, 0, 0, 0, 0, 0, 1, 1002
"c:\Personal\DATN\BodyPilot\data\servings\opennutrition_meat_servings.csv", "CSV", 0, 0, 0, 0, 0, 0, 0, 0, 0, 0, 0, 1889, 0, 0, 0, 0, 0, 1, 1890
"c:\Personal\DATN\BodyPilot\data\servings\opennutrition_noodle_soup_servings.csv", "CSV", 0, 0, 0, 0, 0, 0, 0, 0, 0, 0, 0, 339, 0, 0, 0, 0, 0, 1, 340
"c:\Personal\DATN\BodyPilot\data\servings\opennutrition_oils_servings.csv", "CSV", 0, 0, 0, 0, 0, 0, 0, 0, 0, 0, 0, 245, 0, 0, 0, 0, 0, 1, 246
"c:\Personal\DATN\BodyPilot\data\servings\opennutrition_seafood_servings.csv", "CSV", 0, 0, 0, 0, 0, 0, 0, 0, 0, 0, 0, 869, 0, 0, 0, 0, 0, 1, 870
"c:\Personal\DATN\BodyPilot\data\servings\opennutrition_seasoning_servings.csv", "CSV", 0, 0, 0, 0, 0, 0, 0, 0, 0, 0, 0, 523, 0, 0, 0, 0, 0, 1, 524
"c:\Personal\DATN\BodyPilot\data\servings\opennutrition_uncategorized_servings.csv", "CSV", 0, 0, 0, 0, 0, 0, 0, 0, 0, 0, 0, 5965, 0, 0, 0, 0, 0, 1, 5966
"c:\Personal\DATN\BodyPilot\data\servings\opennutrition_veg_servings.csv", "CSV", 0, 0, 0, 0, 0, 0, 0, 0, 0, 0, 0, 951, 0, 0, 0, 0, 0, 1, 952
"c:\Personal\DATN\BodyPilot\data\translation_cache.json", "JSON", 0, 0, 0, 0, 0, 0, 14766, 0, 0, 0, 0, 0, 0, 0, 0, 0, 0, 0, 14766
"c:\Personal\DATN\BodyPilot\data\workout_init.sql", "MS SQL", 0, 0, 0, 0, 0, 0, 0, 0, 0, 0, 116, 0, 0, 0, 0, 0, 14, 17, 147
"c:\Personal\DATN\BodyPilot\docs\UseCaseSpecification.md", "Markdown", 0, 322, 0, 0, 0, 0, 0, 0, 0, 0, 0, 0, 0, 0, 0, 0, 0, 104, 426
"c:\Personal\DATN\BodyPilot\docs\business_workflows.md", "Markdown", 0, 139, 0, 0, 0, 0, 0, 0, 0, 0, 0, 0, 0, 0, 0, 0, 0, 39, 178
"c:\Personal\DATN\BodyPilot\docs\chapter3_technology.md", "Markdown", 0, 127, 0, 0, 0, 0, 0, 0, 0, 0, 0, 0, 0, 0, 0, 0, 0, 74, 201
"c:\Personal\DATN\BodyPilot\docs\ket_qua_dat_duoc.md", "Markdown", 0, 61, 0, 0, 0, 0, 0, 0, 0, 0, 0, 0, 0, 0, 0, 0, 0, 18, 79
"c:\Personal\DATN\BodyPilot\docs\non_functional_requirements.md", "Markdown", 0, 67, 0, 0, 0, 0, 0, 0, 0, 0, 0, 0, 0, 0, 0, 0, 0, 20, 87
"c:\Personal\DATN\BodyPilot\docs\sdd.md", "Markdown", 0, 353, 0, 0, 0, 0, 0, 0, 0, 0, 0, 0, 0, 0, 0, 0, 0, 57, 410
"c:\Personal\DATN\BodyPilot\docs\srs.md", "Markdown", 0, 218, 0, 0, 0, 0, 0, 0, 0, 0, 0, 0, 0, 0, 0, 0, 0, 53, 271
"c:\Personal\DATN\BodyPilot\docs\thu_vien_va_cong_cu.md", "Markdown", 0, 44, 0, 0, 0, 0, 0, 0, 0, 0, 0, 0, 0, 0, 0, 0, 0, 5, 49
"c:\Personal\DATN\BodyPilot\docs\use_case_decomposition.md", "Markdown", 0, 175, 0, 0, 0, 0, 0, 0, 0, 0, 0, 0, 0, 0, 0, 0, 0, 59, 234
"c:\Personal\DATN\BodyPilot\implementation_plan.md", "Markdown", 0, 99, 0, 0, 0, 0, 0, 0, 0, 0, 0, 0, 0, 0, 0, 0, 0, 26, 125
"c:\Personal\DATN\BodyPilot\mobile\analysis_options.yaml", "YAML", 3, 0, 0, 0, 0, 0, 0, 0, 0, 0, 0, 0, 0, 0, 0, 0, 22, 4, 29
"c:\Personal\DATN\BodyPilot\mobile\android\app\build.gradle.kts", "Kotlin", 0, 0, 0, 0, 37, 0, 0, 0, 0, 0, 0, 0, 0, 0, 0, 0, 6, 9, 52
"c:\Personal\DATN\BodyPilot\mobile\android\app\google-services.json", "JSON", 0, 0, 0, 0, 0, 0, 47, 0, 0, 0, 0, 0, 0, 0, 0, 0, 0, 0, 47
"c:\Personal\DATN\BodyPilot\mobile\android\app\src\debug\AndroidManifest.xml", "XML", 0, 0, 0, 0, 0, 0, 0, 0, 7, 0, 0, 0, 0, 0, 0, 0, 0, 1, 8
"c:\Personal\DATN\BodyPilot\mobile\android\app\src\main\AndroidManifest.xml", "XML", 0, 0, 0, 0, 0, 0, 0, 0, 45, 0, 0, 0, 0, 0, 0, 0, 0, 3, 48
"c:\Personal\DATN\BodyPilot\mobile\android\app\src\main\kotlin\com\company\bodypilot\MainActivity.kt", "Kotlin", 0, 0, 0, 0, 3, 0, 0, 0, 0, 0, 0, 0, 0, 0, 0, 0, 0, 3, 6
"c:\Personal\DATN\BodyPilot\mobile\android\app\src\main\res\drawable-v21\launch_background.xml", "XML", 0, 0, 0, 0, 0, 0, 0, 0, 11, 0, 0, 0, 0, 0, 0, 0, 0, 2, 13
"c:\Personal\DATN\BodyPilot\mobile\android\app\src\main\res\drawable\launch_background.xml", "XML", 0, 0, 0, 0, 0, 0, 0, 0, 11, 0, 0, 0, 0, 0, 0, 0, 0, 2, 13
"c:\Personal\DATN\BodyPilot\mobile\android\app\src\main\res\values-night\styles.xml", "XML", 0, 0, 0, 0, 0, 0, 0, 0, 17, 0, 0, 0, 0, 0, 0, 0, 0, 2, 19
"c:\Personal\DATN\BodyPilot\mobile\android\app\src\main\res\values\styles.xml", "XML", 0, 0, 0, 0, 0, 0, 0, 0, 17, 0, 0, 0, 0, 0, 0, 0, 0, 2, 19
"c:\Personal\DATN\BodyPilot\mobile\android\app\src\profile\AndroidManifest.xml", "XML", 0, 0, 0, 0, 0, 0, 0, 0, 7, 0, 0, 0, 0, 0, 0, 0, 0, 1, 8
"c:\Personal\DATN\BodyPilot\mobile\android\build.gradle.kts", "Kotlin", 0, 0, 0, 0, 21, 0, 0, 0, 0, 0, 0, 0, 0, 0, 0, 0, 0, 4, 25
"c:\Personal\DATN\BodyPilot\mobile\android\gradle.properties", "Java Properties", 0, 0, 0, 0, 0, 2, 0, 0, 0, 0, 0, 0, 0, 0, 0, 0, 0, 1, 3
"c:\Personal\DATN\BodyPilot\mobile\android\gradle\wrapper\gradle-wrapper.properties", "Java Properties", 0, 0, 0, 0, 0, 5, 0, 0, 0, 0, 0, 0, 0, 0, 0, 0, 0, 0, 5
"c:\Personal\DATN\BodyPilot\mobile\android\settings.gradle.kts", "Kotlin", 0, 0, 0, 0, 23, 0, 0, 0, 0, 0, 0, 0, 0, 0, 0, 0, 0, 5, 28
"c:\Personal\DATN\BodyPilot\mobile\ios\RunnerTests\RunnerTests.swift", "Swift", 0, 0, 0, 0, 0, 0, 0, 0, 0, 7, 0, 0, 0, 0, 0, 0, 2, 4, 13
"c:\Personal\DATN\BodyPilot\mobile\ios\Runner\AppDelegate.swift", "Swift", 0, 0, 0, 0, 0, 0, 0, 0, 0, 12, 0, 0, 0, 0, 0, 0, 0, 2, 14
"c:\Personal\DATN\BodyPilot\mobile\ios\Runner\Assets.xcassets\AppIcon.appiconset\Contents.json", "JSON", 0, 0, 0, 0, 0, 0, 1, 0, 0, 0, 0, 0, 0, 0, 0, 0, 0, 0, 1
"c:\Personal\DATN\BodyPilot\mobile\ios\Runner\Assets.xcassets\LaunchImage.imageset\Contents.json", "JSON", 0, 0, 0, 0, 0, 0, 23, 0, 0, 0, 0, 0, 0, 0, 0, 0, 0, 1, 24
"c:\Personal\DATN\BodyPilot\mobile\ios\Runner\Assets.xcassets\LaunchImage.imageset\README.md", "Markdown", 0, 3, 0, 0, 0, 0, 0, 0, 0, 0, 0, 0, 0, 0, 0, 0, 0, 2, 5
"c:\Personal\DATN\BodyPilot\mobile\ios\Runner\Base.lproj\LaunchScreen.storyboard", "XML", 0, 0, 0, 0, 0, 0, 0, 0, 37, 0, 0, 0, 0, 0, 0, 0, 0, 1, 38
"c:\Personal\DATN\BodyPilot\mobile\ios\Runner\Base.lproj\Main.storyboard", "XML", 0, 0, 0, 0, 0, 0, 0, 0, 26, 0, 0, 0, 0, 0, 0, 0, 0, 1, 27
"c:\Personal\DATN\BodyPilot\mobile\ios\Runner\Runner-Bridging-Header.h", "C++", 0, 0, 1, 0, 0, 0, 0, 0, 0, 0, 0, 0, 0, 0, 0, 0, 0, 1, 2
"c:\Personal\DATN\BodyPilot\mobile\lib\app.dart", "Dart", 0, 0, 0, 0, 0, 0, 0, 0, 0, 0, 0, 0, 0, 0, 0, 0, 0, 1, 1
"c:\Personal\DATN\BodyPilot\mobile\lib\core\constants\app_constants.dart", "Dart", 0, 0, 0, 5, 0, 0, 0, 0, 0, 0, 0, 0, 0, 0, 0, 0, 0, 2, 7
"c:\Personal\DATN\BodyPilot\mobile\lib\core\network\api_client.dart", "Dart", 0, 0, 0, 65, 0, 0, 0, 0, 0, 0, 0, 0, 0, 0, 0, 0, 7, 13, 85
"c:\Personal\DATN\BodyPilot\mobile\lib\core\routes\app_pages.dart", "Dart", 0, 0, 0, 95, 0, 0, 0, 0, 0, 0, 0, 0, 0, 0, 0, 0, 0, 5, 100
"c:\Personal\DATN\BodyPilot\mobile\lib\core\routes\app_routes.dart", "Dart", 0, 0, 0, 21, 0, 0, 0, 0, 0, 0, 0, 0, 0, 0, 0, 0, 0, 3, 24
"c:\Personal\DATN\BodyPilot\mobile\lib\core\theme\app_theme.dart", "Dart", 0, 0, 0, 159, 0, 0, 0, 0, 0, 0, 0, 0, 0, 0, 0, 0, 0, 11, 170
"c:\Personal\DATN\BodyPilot\mobile\lib\core\utils\category_image_helper.dart", "Dart", 0, 0, 0, 175, 0, 0, 0, 0, 0, 0, 0, 0, 0, 0, 0, 0, 15, 22, 212
"c:\Personal\DATN\BodyPilot\mobile\lib\data\local\sqlite\food_database_helper.dart", "Dart", 0, 0, 0, 123, 0, 0, 0, 0, 0, 0, 0, 0, 0, 0, 0, 0, 8, 23, 154
"c:\Personal\DATN\BodyPilot\mobile\lib\data\models\food_smart_swap_model.dart", "Dart", 0, 0, 0, 41, 0, 0, 0, 0, 0, 0, 0, 0, 0, 0, 0, 0, 0, 3, 44
"c:\Personal\DATN\BodyPilot\mobile\lib\data\models\notification_model.dart", "Dart", 0, 0, 0, 92, 0, 0, 0, 0, 0, 0, 0, 0, 0, 0, 0, 0, 0, 8, 100
"c:\Personal\DATN\BodyPilot\mobile\lib\data\repositories\auth_repository.dart", "Dart", 0, 0, 0, 89, 0, 0, 0, 0, 0, 0, 0, 0, 0, 0, 0, 0, 3, 10, 102
"c:\Personal\DATN\BodyPilot\mobile\lib\data\repositories\exercise_repository.dart", "Dart", 0, 0, 0, 79, 0, 0, 0, 0, 0, 0, 0, 0, 0, 0, 0, 0, 0, 14, 93
"c:\Personal\DATN\BodyPilot\mobile\lib\data\repositories\food_repository.dart", "Dart", 0, 0, 0, 141, 0, 0, 0, 0, 0, 0, 0, 0, 0, 0, 0, 0, 4, 23, 168
"c:\Personal\DATN\BodyPilot\mobile\lib\data\repositories\notification_repository.dart", "Dart", 0, 0, 0, 67, 0, 0, 0, 0, 0, 0, 0, 0, 0, 0, 0, 0, 6, 10, 83
"c:\Personal\DATN\BodyPilot\mobile\lib\data\repositories\nutrition_diary_repository.dart", "Dart", 0, 0, 0, 126, 0, 0, 0, 0, 0, 0, 0, 0, 0, 0, 0, 0, 0, 16, 142
"c:\Personal\DATN\BodyPilot\mobile\lib\data\repositories\smart_swap_repository.dart", "Dart", 0, 0, 0, 26, 0, 0, 0, 0, 0, 0, 0, 0, 0, 0, 0, 0, 0, 4, 30
"c:\Personal\DATN\BodyPilot\mobile\lib\data\repositories\step_repository.dart", "Dart", 0, 0, 0, 80, 0, 0, 0, 0, 0, 0, 0, 0, 0, 0, 0, 0, 0, 10, 90
"c:\Personal\DATN\BodyPilot\mobile\lib\data\repositories\user_repository.dart", "Dart", 0, 0, 0, 208, 0, 0, 0, 0, 0, 0, 0, 0, 0, 0, 0, 0, 0, 19, 227
"c:\Personal\DATN\BodyPilot\mobile\lib\data\repositories\workout_diary_repository.dart", "Dart", 0, 0, 0, 113, 0, 0, 0, 0, 0, 0, 0, 0, 0, 0, 0, 0, 0, 15, 128
"c:\Personal\DATN\BodyPilot\mobile\lib\data\repositories\workout_repository.dart", "Dart", 0, 0, 0, 58, 0, 0, 0, 0, 0, 0, 0, 0, 0, 0, 0, 0, 0, 9, 67
"c:\Personal\DATN\BodyPilot\mobile\lib\data\services\push_notification_service.dart", "Dart", 0, 0, 0, 269, 0, 0, 0, 0, 0, 0, 0, 0, 0, 0, 0, 0, 0, 49, 318
"c:\Personal\DATN\BodyPilot\mobile\lib\data\services\step_tracker_service.dart", "Dart", 0, 0, 0, 79, 0, 0, 0, 0, 0, 0, 0, 0, 0, 0, 0, 0, 1, 12, 92
"c:\Personal\DATN\BodyPilot\mobile\lib\data\services\token_service.dart", "Dart", 0, 0, 0, 91, 0, 0, 0, 0, 0, 0, 0, 0, 0, 0, 0, 0, 0, 21, 112
"c:\Personal\DATN\BodyPilot\mobile\lib\main.dart", "Dart", 0, 0, 0, 70, 0, 0, 0, 0, 0, 0, 0, 0, 0, 0, 0, 0, 0, 11, 81
"c:\Personal\DATN\BodyPilot\mobile\lib\presentation\bloc\assessment\assessment_cubit.dart", "Dart", 0, 0, 0, 169, 0, 0, 0, 0, 0, 0, 0, 0, 0, 0, 0, 0, 1, 30, 200
"c:\Personal\DATN\BodyPilot\mobile\lib\presentation\bloc\assessment\assessment_state.dart", "Dart", 0, 0, 0, 388, 0, 0, 0, 0, 0, 0, 0, 0, 0, 0, 0, 0, 1, 40, 429
"c:\Personal\DATN\BodyPilot\mobile\lib\presentation\bloc\auth\login_cubit.dart", "Dart", 0, 0, 0, 60, 0, 0, 0, 0, 0, 0, 0, 0, 0, 0, 0, 0, 0, 17, 77
"c:\Personal\DATN\BodyPilot\mobile\lib\presentation\bloc\auth\login_state.dart", "Dart", 0, 0, 0, 55, 0, 0, 0, 0, 0, 0, 0, 0, 0, 0, 0, 0, 0, 7, 62
"c:\Personal\DATN\BodyPilot\mobile\lib\presentation\bloc\auth\signup_cubit.dart", "Dart", 0, 0, 0, 55, 0, 0, 0, 0, 0, 0, 0, 0, 0, 0, 0, 0, 0, 13, 68
"c:\Personal\DATN\BodyPilot\mobile\lib\presentation\bloc\auth\signup_state.dart", "Dart", 0, 0, 0, 77, 0, 0, 0, 0, 0, 0, 0, 0, 0, 0, 0, 0, 0, 8, 85
"c:\Personal\DATN\BodyPilot\mobile\lib\presentation\bloc\chat\chatbot_cubit.dart", "Dart", 0, 0, 0, 119, 0, 0, 0, 0, 0, 0, 0, 0, 0, 0, 0, 0, 1, 16, 136
"c:\Personal\DATN\BodyPilot\mobile\lib\presentation\bloc\chat\chatbot_state.dart", "Dart", 0, 0, 0, 80, 0, 0, 0, 0, 0, 0, 0, 0, 0, 0, 0, 0, 0, 15, 95
"c:\Personal\DATN\BodyPilot\mobile\lib\presentation\bloc\checkin\checkin_cubit.dart", "Dart", 0, 0, 0, 40, 0, 0, 0, 0, 0, 0, 0, 0, 0, 0, 0, 0, 0, 8, 48
"c:\Personal\DATN\BodyPilot\mobile\lib\presentation\bloc\checkin\checkin_state.dart", "Dart", 0, 0, 0, 28, 0, 0, 0, 0, 0, 0, 0, 0, 0, 0, 0, 0, 0, 15, 43
"c:\Personal\DATN\BodyPilot\mobile\lib\presentation\bloc\food\food_cubit.dart", "Dart", 0, 0, 0, 104, 0, 0, 0, 0, 0, 0, 0, 0, 0, 0, 0, 0, 3, 16, 123
"c:\Personal\DATN\BodyPilot\mobile\lib\presentation\bloc\food\food_state.dart", "Dart", 0, 0, 0, 56, 0, 0, 0, 0, 0, 0, 0, 0, 0, 0, 0, 0, 0, 6, 62
"c:\Personal\DATN\BodyPilot\mobile\lib\presentation\bloc\food_list\food_list_cubit.dart", "Dart", 0, 0, 0, 60, 0, 0, 0, 0, 0, 0, 0, 0, 0, 0, 0, 0, 10, 15, 85
"c:\Personal\DATN\BodyPilot\mobile\lib\presentation\bloc\food_list\food_list_state.dart", "Dart", 0, 0, 0, 43, 0, 0, 0, 0, 0, 0, 0, 0, 0, 0, 0, 0, 10, 7, 60
"c:\Personal\DATN\BodyPilot\mobile\lib\presentation\bloc\meal\meal_cubit.dart", "Dart", 0, 0, 0, 153, 0, 0, 0, 0, 0, 0, 0, 0, 0, 0, 0, 0, 0, 22, 175
"c:\Personal\DATN\BodyPilot\mobile\lib\presentation\bloc\meal\meal_state.dart", "Dart", 0, 0, 0, 30, 0, 0, 0, 0, 0, 0, 0, 0, 0, 0, 0, 0, 0, 5, 35
"c:\Personal\DATN\BodyPilot\mobile\lib\presentation\bloc\notification\notification_cubit.dart", "Dart", 0, 0, 0, 139, 0, 0, 0, 0, 0, 0, 0, 0, 0, 0, 0, 0, 4, 23, 166
"c:\Personal\DATN\BodyPilot\mobile\lib\presentation\bloc\notification\notification_state.dart", "Dart", 0, 0, 0, 36, 0, 0, 0, 0, 0, 0, 0, 0, 0, 0, 0, 0, 0, 7, 43
"c:\Personal\DATN\BodyPilot\mobile\lib\presentation\bloc\onboarding\onboarding_cubit.dart", "Dart", 0, 0, 0, 46, 0, 0, 0, 0, 0, 0, 0, 0, 0, 0, 0, 0, 0, 8, 54
"c:\Personal\DATN\BodyPilot\mobile\lib\presentation\bloc\smart_swap\smart_swap_cubit.dart", "Dart", 0, 0, 0, 25, 0, 0, 0, 0, 0, 0, 0, 0, 0, 0, 0, 0, 0, 4, 29
"c:\Personal\DATN\BodyPilot\mobile\lib\presentation\bloc\smart_swap\smart_swap_state.dart", "Dart", 0, 0, 0, 21, 0, 0, 0, 0, 0, 0, 0, 0, 0, 0, 0, 0, 0, 11, 32
"c:\Personal\DATN\BodyPilot\mobile\lib\presentation\bloc\splash\splash_cubit.dart", "Dart", 0, 0, 0, 50, 0, 0, 0, 0, 0, 0, 0, 0, 0, 0, 0, 0, 4, 14, 68
"c:\Personal\DATN\BodyPilot\mobile\lib\presentation\bloc\step\step_cubit.dart", "Dart", 0, 0, 0, 70, 0, 0, 0, 0, 0, 0, 0, 0, 0, 0, 0, 0, 1, 13, 84
"c:\Personal\DATN\BodyPilot\mobile\lib\presentation\bloc\step\step_state.dart", "Dart", 0, 0, 0, 57, 0, 0, 0, 0, 0, 0, 0, 0, 0, 0, 0, 0, 0, 8, 65
"c:\Personal\DATN\BodyPilot\mobile\lib\presentation\bloc\user\user_cubit.dart", "Dart", 0, 0, 0, 64, 0, 0, 0, 0, 0, 0, 0, 0, 0, 0, 0, 0, 2, 11, 77
"c:\Personal\DATN\BodyPilot\mobile\lib\presentation\bloc\user\user_state.dart", "Dart", 0, 0, 0, 21, 0, 0, 0, 0, 0, 0, 0, 0, 0, 0, 0, 0, 0, 11, 32
"c:\Personal\DATN\BodyPilot\mobile\lib\presentation\bloc\workout\exercise_cubit.dart", "Dart", 0, 0, 0, 79, 0, 0, 0, 0, 0, 0, 0, 0, 0, 0, 0, 0, 0, 12, 91
"c:\Personal\DATN\BodyPilot\mobile\lib\presentation\bloc\workout\exercise_state.dart", "Dart", 0, 0, 0, 46, 0, 0, 0, 0, 0, 0, 0, 0, 0, 0, 0, 0, 0, 12, 58
"c:\Personal\DATN\BodyPilot\mobile\lib\presentation\bloc\workout\workout_category_cubit.dart", "Dart", 0, 0, 0, 20, 0, 0, 0, 0, 0, 0, 0, 0, 0, 0, 0, 0, 0, 6, 26
"c:\Personal\DATN\BodyPilot\mobile\lib\presentation\bloc\workout\workout_category_state.dart", "Dart", 0, 0, 0, 21, 0, 0, 0, 0, 0, 0, 0, 0, 0, 0, 0, 0, 0, 11, 32
"c:\Personal\DATN\BodyPilot\mobile\lib\presentation\bloc\workout\workout_diary_cubit.dart", "Dart", 0, 0, 0, 149, 0, 0, 0, 0, 0, 0, 0, 0, 0, 0, 0, 0, 0, 23, 172
"c:\Personal\DATN\BodyPilot\mobile\lib\presentation\bloc\workout\workout_diary_state.dart", "Dart", 0, 0, 0, 30, 0, 0, 0, 0, 0, 0, 0, 0, 0, 0, 0, 0, 0, 6, 36
"c:\Personal\DATN\BodyPilot\mobile\lib\presentation\bloc\workout\workout_plan_cubit.dart", "Dart", 0, 0, 0, 30, 0, 0, 0, 0, 0, 0, 0, 0, 0, 0, 0, 0, 0, 7, 37
"c:\Personal\DATN\BodyPilot\mobile\lib\presentation\bloc\workout\workout_plan_state.dart", "Dart", 0, 0, 0, 12, 0, 0, 0, 0, 0, 0, 0, 0, 0, 0, 0, 0, 0, 6, 18
"c:\Personal\DATN\BodyPilot\mobile\lib\presentation\routes\app_router.dart", "Dart", 0, 0, 0, 7, 0, 0, 0, 0, 0, 0, 0, 0, 0, 0, 0, 0, 0, 0, 7
"c:\Personal\DATN\BodyPilot\mobile\lib\presentation\screens\assessment\assessment_screen.dart", "Dart", 0, 0, 0, 130, 0, 0, 0, 0, 0, 0, 0, 0, 0, 0, 0, 0, 0, 11, 141
"c:\Personal\DATN\BodyPilot\mobile\lib\presentation\screens\assessment\steps\activity_level_step.dart", "Dart", 0, 0, 0, 149, 0, 0, 0, 0, 0, 0, 0, 0, 0, 0, 0, 0, 0, 11, 160
"c:\Personal\DATN\BodyPilot\mobile\lib\presentation\screens\assessment\steps\age_step.dart", "Dart", 0, 0, 0, 130, 0, 0, 0, 0, 0, 0, 0, 0, 0, 0, 0, 0, 1, 15, 146
"c:\Personal\DATN\BodyPilot\mobile\lib\presentation\screens\assessment\steps\body_step.dart", "Dart", 0, 0, 0, 323, 0, 0, 0, 0, 0, 0, 0, 0, 0, 0, 0, 0, 0, 26, 349
"c:\Personal\DATN\BodyPilot\mobile\lib\presentation\screens\assessment\steps\budget_step.dart", "Dart", 0, 0, 0, 202, 0, 0, 0, 0, 0, 0, 0, 0, 0, 0, 0, 0, 0, 12, 214
"c:\Personal\DATN\BodyPilot\mobile\lib\presentation\screens\assessment\steps\condition_step.dart", "Dart", 0, 0, 0, 182, 0, 0, 0, 0, 0, 0, 0, 0, 0, 0, 0, 0, 6, 14, 202
"c:\Personal\DATN\BodyPilot\mobile\lib\presentation\screens\assessment\steps\diet_step.dart", "Dart", 0, 0, 0, 168, 0, 0, 0, 0, 0, 0, 0, 0, 0, 0, 0, 0, 0, 10, 178
"c:\Personal\DATN\BodyPilot\mobile\lib\presentation\screens\assessment\steps\disliked_foods_step.dart", "Dart", 0, 0, 0, 241, 0, 0, 0, 0, 0, 0, 0, 0, 0, 0, 0, 0, 0, 14, 255
"c:\Personal\DATN\BodyPilot\mobile\lib\presentation\screens\assessment\steps\experience_step.dart", "Dart", 0, 0, 0, 138, 0, 0, 0, 0, 0, 0, 0, 0, 0, 0, 0, 0, 3, 12, 153
"c:\Personal\DATN\BodyPilot\mobile\lib\presentation\screens\assessment\steps\gender_step.dart", "Dart", 0, 0, 0, 189, 0, 0, 0, 0, 0, 0, 0, 0, 0, 0, 0, 0, 5, 14, 208
"c:\Personal\DATN\BodyPilot\mobile\lib\presentation\screens\assessment\steps\goal_step.dart", "Dart", 0, 0, 0, 145, 0, 0, 0, 0, 0, 0, 0, 0, 0, 0, 0, 0, 0, 10, 155
"c:\Personal\DATN\BodyPilot\mobile\lib\presentation\screens\assessment\steps\injury_step.dart", "Dart", 0, 0, 0, 262, 0, 0, 0, 0, 0, 0, 0, 0, 0, 0, 0, 0, 1, 11, 274
"c:\Personal\DATN\BodyPilot\mobile\lib\presentation\screens\assessment\steps\target_weight_step.dart", "Dart", 0, 0, 0, 105, 0, 0, 0, 0, 0, 0, 0, 0, 0, 0, 0, 0, 0, 5, 110
"c:\Personal\DATN\BodyPilot\mobile\lib\presentation\screens\auth\login_screen.dart", "Dart", 0, 0, 0, 307, 0, 0, 0, 0, 0, 0, 0, 0, 0, 0, 0, 0, 1, 14, 322
"c:\Personal\DATN\BodyPilot\mobile\lib\presentation\screens\auth\signup_screen.dart", "Dart", 0, 0, 0, 385, 0, 0, 0, 0, 0, 0, 0, 0, 0, 0, 0, 0, 0, 15, 400
"c:\Personal\DATN\BodyPilot\mobile\lib\presentation\screens\chat\ai_chat_screen.dart", "Dart", 0, 0, 0, 468, 0, 0, 0, 0, 0, 0, 0, 0, 0, 0, 0, 0, 3, 18, 489
"c:\Personal\DATN\BodyPilot\mobile\lib\presentation\screens\checkin\checkin_bottom_sheet.dart", "Dart", 0, 0, 0, 252, 0, 0, 0, 0, 0, 0, 0, 0, 0, 0, 0, 0, 4, 13, 269
"c:\Personal\DATN\BodyPilot\mobile\lib\presentation\screens\checkin\checkin_result_dialog.dart", "Dart", 0, 0, 0, 181, 0, 0, 0, 0, 0, 0, 0, 0, 0, 0, 0, 0, 2, 6, 189
"c:\Personal\DATN\BodyPilot\mobile\lib\presentation\screens\checkin\meal_check_in_sheet.dart", "Dart", 0, 0, 0, 251, 0, 0, 0, 0, 0, 0, 0, 0, 0, 0, 0, 0, 3, 21, 275
"c:\Personal\DATN\BodyPilot\mobile\lib\presentation\screens\checkin\workout_check_in_sheet.dart", "Dart", 0, 0, 0, 201, 0, 0, 0, 0, 0, 0, 0, 0, 0, 0, 0, 0, 2, 19, 222
"c:\Personal\DATN\BodyPilot\mobile\lib\presentation\screens\food\food_detail_screen.dart", "Dart", 0, 0, 0, 487, 0, 0, 0, 0, 0, 0, 0, 0, 0, 0, 0, 0, 0, 33, 520
"c:\Personal\DATN\BodyPilot\mobile\lib\presentation\screens\food\food_list_screen.dart", "Dart", 0, 0, 0, 357, 0, 0, 0, 0, 0, 0, 0, 0, 0, 0, 0, 0, 4, 27, 388
"c:\Personal\DATN\BodyPilot\mobile\lib\presentation\screens\food\ingredient_detail_screen.dart", "Dart", 0, 0, 0, 237, 0, 0, 0, 0, 0, 0, 0, 0, 0, 0, 0, 0, 0, 16, 253
"c:\Personal\DATN\BodyPilot\mobile\lib\presentation\screens\home\home_screen.dart", "Dart", 0, 0, 0, 91, 0, 0, 0, 0, 0, 0, 0, 0, 0, 0, 0, 0, 0, 5, 96
"c:\Personal\DATN\BodyPilot\mobile\lib\presentation\screens\home\widgets\ai_coach_card.dart", "Dart", 0, 0, 0, 92, 0, 0, 0, 0, 0, 0, 0, 0, 0, 0, 0, 0, 0, 3, 95
"c:\Personal\DATN\BodyPilot\mobile\lib\presentation\screens\home\widgets\checkin_card.dart", "Dart", 0, 0, 0, 145, 0, 0, 0, 0, 0, 0, 0, 0, 0, 0, 0, 0, 0, 3, 148
"c:\Personal\DATN\BodyPilot\mobile\lib\presentation\screens\home\widgets\food_sections.dart", "Dart", 0, 0, 0, 183, 0, 0, 0, 0, 0, 0, 0, 0, 0, 0, 0, 0, 2, 18, 203
"c:\Personal\DATN\BodyPilot\mobile\lib\presentation\screens\home\widgets\home_calendar_section.dart", "Dart", 0, 0, 0, 242, 0, 0, 0, 0, 0, 0, 0, 0, 0, 0, 0, 0, 6, 20, 268
"c:\Personal\DATN\BodyPilot\mobile\lib\presentation\screens\home\widgets\home_header.dart", "Dart", 0, 0, 0, 138, 0, 0, 0, 0, 0, 0, 0, 0, 0, 0, 0, 0, 0, 8, 146
"c:\Personal\DATN\BodyPilot\mobile\lib\presentation\screens\home\widgets\metric_section.dart", "Dart", 0, 0, 0, 329, 0, 0, 0, 0, 0, 0, 0, 0, 0, 0, 0, 0, 7, 23, 359
"c:\Personal\DATN\BodyPilot\mobile\lib\presentation\screens\home\widgets\section_header.dart", "Dart", 0, 0, 0, 30, 0, 0, 0, 0, 0, 0, 0, 0, 0, 0, 0, 0, 0, 4, 34
"c:\Personal\DATN\BodyPilot\mobile\lib\presentation\screens\home\widgets\weekly_calorie_chart.dart", "Dart", 0, 0, 0, 253, 0, 0, 0, 0, 0, 0, 0, 0, 0, 0, 0, 0, 14, 27, 294
"c:\Personal\DATN\BodyPilot\mobile\lib\presentation\screens\home\widgets\workout_section.dart", "Dart", 0, 0, 0, 97, 0, 0, 0, 0, 0, 0, 0, 0, 0, 0, 0, 0, 0, 6, 103
"c:\Personal\DATN\BodyPilot\mobile\lib\presentation\screens\main\main_screen.dart", "Dart", 0, 0, 0, 111, 0, 0, 0, 0, 0, 0, 0, 0, 0, 0, 0, 0, 0, 14, 125
"c:\Personal\DATN\BodyPilot\mobile\lib\presentation\screens\meal\ai_meal_suggestion_screen.dart", "Dart", 0, 0, 0, 982, 0, 0, 0, 0, 0, 0, 0, 0, 0, 0, 0, 0, 14, 51, 1047
"c:\Personal\DATN\BodyPilot\mobile\lib\presentation\screens\meal\allergy_survey_screen.dart", "Dart", 0, 0, 0, 544, 0, 0, 0, 0, 0, 0, 0, 0, 0, 0, 0, 0, 0, 27, 571
"c:\Personal\DATN\BodyPilot\mobile\lib\presentation\screens\meal\meal_plan_screen.dart", "Dart", 0, 0, 0, 601, 0, 0, 0, 0, 0, 0, 0, 0, 0, 0, 0, 0, 20, 40, 661
"c:\Personal\DATN\BodyPilot\mobile\lib\presentation\screens\meal\meal_screen.dart", "Dart", 0, 0, 0, 264, 0, 0, 0, 0, 0, 0, 0, 0, 0, 0, 0, 0, 0, 13, 277
"c:\Personal\DATN\BodyPilot\mobile\lib\presentation\screens\meal\widgets\add_meal_bottom_sheet.dart", "Dart", 0, 0, 0, 612, 0, 0, 0, 0, 0, 0, 0, 0, 0, 0, 0, 0, 12, 39, 663
"c:\Personal\DATN\BodyPilot\mobile\lib\presentation\screens\meal\widgets\ai_suggestion_banner.dart", "Dart", 0, 0, 0, 318, 0, 0, 0, 0, 0, 0, 0, 0, 0, 0, 0, 0, 0, 11, 329
"c:\Personal\DATN\BodyPilot\mobile\lib\presentation\screens\meal\widgets\browse_meals_list.dart", "Dart", 0, 0, 0, 116, 0, 0, 0, 0, 0, 0, 0, 0, 0, 0, 0, 0, 1, 5, 122
"c:\Personal\DATN\BodyPilot\mobile\lib\presentation\screens\meal\widgets\calender_meal.dart", "Dart", 0, 0, 0, 216, 0, 0, 0, 0, 0, 0, 0, 0, 0, 0, 0, 0, 0, 20, 236
"c:\Personal\DATN\BodyPilot\mobile\lib\presentation\screens\meal\widgets\calorie_dashboard_card.dart", "Dart", 0, 0, 0, 247, 0, 0, 0, 0, 0, 0, 0, 0, 0, 0, 0, 0, 0, 25, 272
"c:\Personal\DATN\BodyPilot\mobile\lib\presentation\screens\meal\widgets\calorie_ring_painter.dart", "Dart", 0, 0, 0, 57, 0, 0, 0, 0, 0, 0, 0, 0, 0, 0, 0, 0, 3, 12, 72
"c:\Personal\DATN\BodyPilot\mobile\lib\presentation\screens\meal\widgets\meal_header.dart", "Dart", 0, 0, 0, 56, 0, 0, 0, 0, 0, 0, 0, 0, 0, 0, 0, 0, 0, 3, 59
"c:\Personal\DATN\BodyPilot\mobile\lib\presentation\screens\meal\widgets\meal_plan_section.dart", "Dart", 0, 0, 0, 233, 0, 0, 0, 0, 0, 0, 0, 0, 0, 0, 0, 0, 2, 14, 249
"c:\Personal\DATN\BodyPilot\mobile\lib\presentation\screens\meal\widgets\smart_swap_bottom_sheet.dart", "Dart", 0, 0, 0, 262, 0, 0, 0, 0, 0, 0, 0, 0, 0, 0, 0, 0, 7, 18, 287
"c:\Personal\DATN\BodyPilot\mobile\lib\presentation\screens\meal\widgets\weight_goal_card.dart", "Dart", 0, 0, 0, 157, 0, 0, 0, 0, 0, 0, 0, 0, 0, 0, 0, 0, 6, 8, 171
"c:\Personal\DATN\BodyPilot\mobile\lib\presentation\screens\metrics\active_minutes_detail_screen.dart", "Dart", 0, 0, 0, 452, 0, 0, 0, 0, 0, 0, 0, 0, 0, 0, 0, 0, 6, 28, 486
"c:\Personal\DATN\BodyPilot\mobile\lib\presentation\screens\metrics\calorie_balance_detail_screen.dart", "Dart", 0, 0, 0, 449, 0, 0, 0, 0, 0, 0, 0, 0, 0, 0, 0, 0, 8, 30, 487
"c:\Personal\DATN\BodyPilot\mobile\lib\presentation\screens\metrics\protein_detail_screen.dart", "Dart", 0, 0, 0, 455, 0, 0, 0, 0, 0, 0, 0, 0, 0, 0, 0, 0, 6, 29, 490
"c:\Personal\DATN\BodyPilot\mobile\lib\presentation\screens\metrics\widgets\custom_metric_charts.dart", "Dart", 0, 0, 0, 301, 0, 0, 0, 0, 0, 0, 0, 0, 0, 0, 0, 0, 9, 23, 333
"c:\Personal\DATN\BodyPilot\mobile\lib\presentation\screens\notification\notification_screen.dart", "Dart", 0, 0, 0, 399, 0, 0, 0, 0, 0, 0, 0, 0, 0, 0, 0, 0, 5, 21, 425
"c:\Personal\DATN\BodyPilot\mobile\lib\presentation\screens\profile\about_screen.dart", "Dart", 0, 0, 0, 277, 0, 0, 0, 0, 0, 0, 0, 0, 0, 0, 0, 0, 5, 9, 291
"c:\Personal\DATN\BodyPilot\mobile\lib\presentation\screens\profile\edit_profile_screen.dart", "Dart", 0, 0, 0, 280, 0, 0, 0, 0, 0, 0, 0, 0, 0, 0, 0, 0, 5, 23, 308
"c:\Personal\DATN\BodyPilot\mobile\lib\presentation\screens\profile\help_center_screen.dart", "Dart", 0, 0, 0, 337, 0, 0, 0, 0, 0, 0, 0, 0, 0, 0, 0, 0, 4, 13, 354
"c:\Personal\DATN\BodyPilot\mobile\lib\presentation\screens\profile\privacy_screen.dart", "Dart", 0, 0, 0, 329, 0, 0, 0, 0, 0, 0, 0, 0, 0, 0, 0, 0, 4, 15, 348
"c:\Personal\DATN\BodyPilot\mobile\lib\presentation\screens\profile\profile_screen.dart", "Dart", 0, 0, 0, 509, 0, 0, 0, 0, 0, 0, 0, 0, 0, 0, 0, 0, 0, 25, 534
"c:\Personal\DATN\BodyPilot\mobile\lib\presentation\screens\profile\scientific_basis_screen.dart", "Dart", 0, 0, 0, 247, 0, 0, 0, 0, 0, 0, 0, 0, 0, 0, 0, 0, 4, 10, 261
"c:\Personal\DATN\BodyPilot\mobile\lib\presentation\screens\step\step_detail_screen.dart", "Dart", 0, 0, 0, 451, 0, 0, 0, 0, 0, 0, 0, 0, 0, 0, 0, 0, 10, 20, 481
"c:\Personal\DATN\BodyPilot\mobile\lib\presentation\screens\welcome\onboarding_screen.dart", "Dart", 0, 0, 0, 215, 0, 0, 0, 0, 0, 0, 0, 0, 0, 0, 0, 0, 0, 12, 227
"c:\Personal\DATN\BodyPilot\mobile\lib\presentation\screens\welcome\splash_screen.dart", "Dart", 0, 0, 0, 104, 0, 0, 0, 0, 0, 0, 0, 0, 0, 0, 0, 0, 0, 6, 110
"c:\Personal\DATN\BodyPilot\mobile\lib\presentation\screens\welcome\welcome_screen.dart", "Dart", 0, 0, 0, 147, 0, 0, 0, 0, 0, 0, 0, 0, 0, 0, 0, 0, 0, 5, 152
"c:\Personal\DATN\BodyPilot\mobile\lib\presentation\screens\workout\ai_workout_suggestion_screen.dart", "Dart", 0, 0, 0, 940, 0, 0, 0, 0, 0, 0, 0, 0, 0, 0, 0, 0, 0, 37, 977
"c:\Personal\DATN\BodyPilot\mobile\lib\presentation\screens\workout\category_exercises_screen.dart", "Dart", 0, 0, 0, 279, 0, 0, 0, 0, 0, 0, 0, 0, 0, 0, 0, 0, 0, 13, 292
"c:\Personal\DATN\BodyPilot\mobile\lib\presentation\screens\workout\exercise_detail_screen.dart", "Dart", 0, 0, 0, 315, 0, 0, 0, 0, 0, 0, 0, 0, 0, 0, 0, 0, 0, 19, 334
"c:\Personal\DATN\BodyPilot\mobile\lib\presentation\screens\workout\exercise_timer_screen.dart", "Dart", 0, 0, 0, 278, 0, 0, 0, 0, 0, 0, 0, 0, 0, 0, 0, 0, 12, 17, 307
"c:\Personal\DATN\BodyPilot\mobile\lib\presentation\screens\workout\widgets\add_exercise_bottom_sheet.dart", "Dart", 0, 0, 0, 624, 0, 0, 0, 0, 0, 0, 0, 0, 0, 0, 0, 0, 10, 38, 672
"c:\Personal\DATN\BodyPilot\mobile\lib\presentation\screens\workout\widgets\ai_suggestion_banner.dart", "Dart", 0, 0, 0, 336, 0, 0, 0, 0, 0, 0, 0, 0, 0, 0, 0, 0, 0, 11, 347
"c:\Personal\DATN\BodyPilot\mobile\lib\presentation\screens\workout\widgets\ai_suggestion_card.dart", "Dart", 0, 0, 0, 63, 0, 0, 0, 0, 0, 0, 0, 0, 0, 0, 0, 0, 0, 3, 66
"c:\Personal\DATN\BodyPilot\mobile\lib\presentation\screens\workout\widgets\calender_workout.dart", "Dart", 0, 0, 0, 206, 0, 0, 0, 0, 0, 0, 0, 0, 0, 0, 0, 0, 0, 11, 217
"c:\Personal\DATN\BodyPilot\mobile\lib\presentation\screens\workout\widgets\category_chips.dart", "Dart", 0, 0, 0, 64, 0, 0, 0, 0, 0, 0, 0, 0, 0, 0, 0, 0, 0, 7, 71
"c:\Personal\DATN\BodyPilot\mobile\lib\presentation\screens\workout\widgets\featured_card.dart", "Dart", 0, 0, 0, 92, 0, 0, 0, 0, 0, 0, 0, 0, 0, 0, 0, 0, 0, 3, 95
"c:\Personal\DATN\BodyPilot\mobile\lib\presentation\screens\workout\widgets\section_title.dart", "Dart", 0, 0, 0, 40, 0, 0, 0, 0, 0, 0, 0, 0, 0, 0, 0, 0, 0, 4, 44
"c:\Personal\DATN\BodyPilot\mobile\lib\presentation\screens\workout\widgets\strength_section.dart", "Dart", 0, 0, 0, 134, 0, 0, 0, 0, 0, 0, 0, 0, 0, 0, 0, 0, 0, 5, 139
"c:\Personal\DATN\BodyPilot\mobile\lib\presentation\screens\workout\widgets\workout_header.dart", "Dart", 0, 0, 0, 58, 0, 0, 0, 0, 0, 0, 0, 0, 0, 0, 0, 0, 0, 3, 61
"c:\Personal\DATN\BodyPilot\mobile\lib\presentation\screens\workout\widgets\workout_plan_section.dart", "Dart", 0, 0, 0, 190, 0, 0, 0, 0, 0, 0, 0, 0, 0, 0, 0, 0, 1, 10, 201
"c:\Personal\DATN\BodyPilot\mobile\lib\presentation\screens\workout\widgets\workout_plans_section.dart", "Dart", 0, 0, 0, 135, 0, 0, 0, 0, 0, 0, 0, 0, 0, 0, 0, 0, 0, 6, 141
"c:\Personal\DATN\BodyPilot\mobile\lib\presentation\screens\workout\widgets\workout_skeleton.dart", "Dart", 0, 0, 0, 144, 0, 0, 0, 0, 0, 0, 0, 0, 0, 0, 0, 0, 0, 12, 156
"c:\Personal\DATN\BodyPilot\mobile\lib\presentation\screens\workout\workout_diary_screen.dart", "Dart", 0, 0, 0, 842, 0, 0, 0, 0, 0, 0, 0, 0, 0, 0, 0, 0, 14, 55, 911
"c:\Personal\DATN\BodyPilot\mobile\lib\presentation\screens\workout\workout_plan_detail_screen.dart", "Dart", 0, 0, 0, 337, 0, 0, 0, 0, 0, 0, 0, 0, 0, 0, 0, 0, 1, 47, 385
"c:\Personal\DATN\BodyPilot\mobile\lib\presentation\screens\workout\workout_preference_survey_screen.dart", "Dart", 0, 0, 0, 237, 0, 0, 0, 0, 0, 0, 0, 0, 0, 0, 0, 0, 0, 13, 250
"c:\Personal\DATN\BodyPilot\mobile\lib\presentation\screens\workout\workout_screen.dart", "Dart", 0, 0, 0, 139, 0, 0, 0, 0, 0, 0, 0, 0, 0, 0, 0, 0, 0, 9, 148
"c:\Personal\DATN\BodyPilot\mobile\lib\presentation\screens\workout\workout_session_detail_screen.dart", "Dart", 0, 0, 0, 259, 0, 0, 0, 0, 0, 0, 0, 0, 0, 0, 0, 0, 10, 13, 282
"c:\Personal\DATN\BodyPilot\mobile\lib\presentation\widgets\black_button.dart", "Dart", 0, 0, 0, 56, 0, 0, 0, 0, 0, 0, 0, 0, 0, 0, 0, 0, 0, 5, 61
"c:\Personal\DATN\BodyPilot\mobile\lib\presentation\widgets\black_button_2.dart", "Dart", 0, 0, 0, 52, 0, 0, 0, 0, 0, 0, 0, 0, 0, 0, 0, 0, 1, 5, 58
"c:\Personal\DATN\BodyPilot\mobile\lib\presentation\widgets\hero_profile_avatar.dart", "Dart", 0, 0, 0, 48, 0, 0, 0, 0, 0, 0, 0, 0, 0, 0, 0, 0, 1, 4, 53
"c:\Personal\DATN\BodyPilot\mobile\lib\presentation\widgets\primary_button.dart", "Dart", 0, 0, 0, 10, 0, 0, 0, 0, 0, 0, 0, 0, 0, 0, 0, 0, 0, 4, 14
"c:\Personal\DATN\BodyPilot\mobile\lib\presentation\widgets\skeleton.dart", "Dart", 0, 0, 0, 152, 0, 0, 0, 0, 0, 0, 0, 0, 0, 0, 0, 0, 0, 10, 162
"c:\Personal\DATN\BodyPilot\mobile\lib\presentation\widgets\smooth_loading_overlay.dart", "Dart", 0, 0, 0, 75, 0, 0, 0, 0, 0, 0, 0, 0, 0, 0, 0, 0, 2, 7, 84
"c:\Personal\DATN\BodyPilot\mobile\linux\flutter\generated_plugin_registrant.cc", "C++", 0, 0, 11, 0, 0, 0, 0, 0, 0, 0, 0, 0, 0, 0, 0, 0, 4, 5, 20
"c:\Personal\DATN\BodyPilot\mobile\linux\flutter\generated_plugin_registrant.h", "C++", 0, 0, 5, 0, 0, 0, 0, 0, 0, 0, 0, 0, 0, 0, 0, 0, 5, 6, 16
"c:\Personal\DATN\BodyPilot\mobile\linux\runner\main.cc", "C++", 0, 0, 5, 0, 0, 0, 0, 0, 0, 0, 0, 0, 0, 0, 0, 0, 0, 2, 7
"c:\Personal\DATN\BodyPilot\mobile\linux\runner\my_application.cc", "C++", 0, 0, 94, 0, 0, 0, 0, 0, 0, 0, 0, 0, 0, 0, 0, 0, 26, 29, 149
"c:\Personal\DATN\BodyPilot\mobile\linux\runner\my_application.h", "C++", 0, 0, 17, 0, 0, 0, 0, 0, 0, 0, 0, 0, 0, 0, 0, 0, 0, 5, 22
"c:\Personal\DATN\BodyPilot\mobile\macos\Flutter\GeneratedPluginRegistrant.swift", "Swift", 0, 0, 0, 0, 0, 0, 0, 0, 0, 24, 0, 0, 0, 0, 0, 0, 3, 4, 31
"c:\Personal\DATN\BodyPilot\mobile\macos\RunnerTests\RunnerTests.swift", "Swift", 0, 0, 0, 0, 0, 0, 0, 0, 0, 7, 0, 0, 0, 0, 0, 0, 2, 4, 13
"c:\Personal\DATN\BodyPilot\mobile\macos\Runner\AppDelegate.swift", "Swift", 0, 0, 0, 0, 0, 0, 0, 0, 0, 11, 0, 0, 0, 0, 0, 0, 0, 3, 14
"c:\Personal\DATN\BodyPilot\mobile\macos\Runner\Assets.xcassets\AppIcon.appiconset\Contents.json", "JSON", 0, 0, 0, 0, 0, 0, 68, 0, 0, 0, 0, 0, 0, 0, 0, 0, 0, 1, 69
"c:\Personal\DATN\BodyPilot\mobile\macos\Runner\Base.lproj\MainMenu.xib", "XML", 0, 0, 0, 0, 0, 0, 0, 0, 343, 0, 0, 0, 0, 0, 0, 0, 0, 1, 344
"c:\Personal\DATN\BodyPilot\mobile\macos\Runner\MainFlutterWindow.swift", "Swift", 0, 0, 0, 0, 0, 0, 0, 0, 0, 12, 0, 0, 0, 0, 0, 0, 0, 4, 16
"c:\Personal\DATN\BodyPilot\mobile\pubspec.yaml", "YAML", 55, 0, 0, 0, 0, 0, 0, 0, 0, 0, 0, 0, 0, 0, 0, 0, 50, 16, 121
"c:\Personal\DATN\BodyPilot\mobile\test\widget_test.dart", "Dart", 0, 0, 0, 0, 0, 0, 0, 0, 0, 0, 0, 0, 0, 0, 0, 0, 0, 1, 1
"c:\Personal\DATN\BodyPilot\mobile\web\index.html", "HTML", 0, 0, 0, 0, 0, 0, 0, 31, 0, 0, 0, 0, 0, 0, 0, 0, 0, 8, 39
"c:\Personal\DATN\BodyPilot\mobile\web\manifest.json", "JSON", 0, 0, 0, 0, 0, 0, 35, 0, 0, 0, 0, 0, 0, 0, 0, 0, 0, 1, 36
"c:\Personal\DATN\BodyPilot\mobile\windows\flutter\generated_plugin_registrant.cc", "C++", 0, 0, 18, 0, 0, 0, 0, 0, 0, 0, 0, 0, 0, 0, 0, 0, 4, 5, 27
"c:\Personal\DATN\BodyPilot\mobile\windows\flutter\generated_plugin_registrant.h", "C++", 0, 0, 5, 0, 0, 0, 0, 0, 0, 0, 0, 0, 0, 0, 0, 0, 5, 6, 16
"c:\Personal\DATN\BodyPilot\mobile\windows\runner\flutter_window.cpp", "C++", 0, 0, 49, 0, 0, 0, 0, 0, 0, 0, 0, 0, 0, 0, 0, 0, 7, 16, 72
"c:\Personal\DATN\BodyPilot\mobile\windows\runner\flutter_window.h", "C++", 0, 0, 20, 0, 0, 0, 0, 0, 0, 0, 0, 0, 0, 0, 0, 0, 5, 9, 34
"c:\Personal\DATN\BodyPilot\mobile\windows\runner\main.cpp", "C++", 0, 0, 30, 0, 0, 0, 0, 0, 0, 0, 0, 0, 0, 0, 0, 0, 4, 10, 44
"c:\Personal\DATN\BodyPilot\mobile\windows\runner\resource.h", "C++", 0, 0, 9, 0, 0, 0, 0, 0, 0, 0, 0, 0, 0, 0, 0, 0, 6, 2, 17
"c:\Personal\DATN\BodyPilot\mobile\windows\runner\utils.cpp", "C++", 0, 0, 54, 0, 0, 0, 0, 0, 0, 0, 0, 0, 0, 0, 0, 0, 2, 10, 66
"c:\Personal\DATN\BodyPilot\mobile\windows\runner\utils.h", "C++", 0, 0, 8, 0, 0, 0, 0, 0, 0, 0, 0, 0, 0, 0, 0, 0, 6, 6, 20
"c:\Personal\DATN\BodyPilot\mobile\windows\runner\win32_window.cpp", "C++", 0, 0, 210, 0, 0, 0, 0, 0, 0, 0, 0, 0, 0, 0, 0, 0, 24, 55, 289
"c:\Personal\DATN\BodyPilot\mobile\windows\runner\win32_window.h", "C++", 0, 0, 48, 0, 0, 0, 0, 0, 0, 0, 0, 0, 0, 0, 0, 0, 31, 24, 103
"c:\Personal\DATN\BodyPilot\readme.md", "Markdown", 0, 33, 0, 0, 0, 0, 0, 0, 0, 0, 0, 0, 0, 0, 0, 0, 0, 14, 47
"c:\Personal\DATN\BodyPilot\render.yaml", "YAML", 25, 0, 0, 0, 0, 0, 0, 0, 0, 0, 0, 0, 0, 0, 0, 0, 0, 1, 26
"Total", "-", 124, 1680, 584, 32830, 84, 27, 15460, 62, 840, 73, 229, 887747, 12, 139, 9072, 6, 871, 5310, 955150