id,created_at,updated_at,food_id,name,unit_code,grams
e124feaa-0207-51ee-95af-7b2b4233418c,,,5063f27f-e0f2-5142-9153-909feb62707c,100g phần,GRAM,100.0
bdf7235c-19eb-5dc8-960a-27190f99f4b6,,,5063f27f-e0f2-5142-9153-909feb62707c,1 large egg,GRAM,50.0
de9a8fe9-5beb-5fe4-9f77-b02c32ac3c2e,,,f75f73c6-a4f6-5f67-a202-a3c41e2d3245,100g phần,GRAM,100.0
38e8013a-4bde-5576-816d-a83b89ce74c8,,,f75f73c6-a4f6-5f67-a202-a3c41e2d3245,1 cup,GRAM,244.0
3682a3ba-23d8-5606-ab9b-f328b47dd680,,,1a722464-f7f7-5833-8575-19a4cce0ea04,100g phần,GRAM,100.0
6c3a6583-846a-5995-8cbf-9ba13e246f70,,,1a722464-f7f7-5833-8575-19a4cce0ea04,2 large eggs,GRAM,100.0
1a36da0c-1cc5-5a44-9a8e-af1e9cfe019d,,,630e55a5-2137-5558-8131-289606a256aa,100g phần,GRAM,100.0
aa28bf1c-fc88-50df-89d8-337cb1bb0d13,,,630e55a5-2137-5558-8131-289606a256aa,1 cup,GRAM,244.0
9fa31230-99f4-5d23-a442-23fa68865418,,,1666703c-70b3-5192-9077-ce7d1c384d42,100g phần,GRAM,100.0
63c765a6-590b-50bb-b9a2-f90120d65c36,,,1666703c-70b3-5192-9077-ce7d1c384d42,1 cup,GRAM,240.0
9d4ef058-5ed6-5dca-9fa5-532b108744f4,,,3e52e504-fa39-5fdd-9978-058d1c238795,100g phần,GRAM,100.0
c13aa297-f457-594b-ab6a-212daf77075d,,,3e52e504-fa39-5fdd-9978-058d1c238795,1 medium egg,GRAM,44.0
66e59642-c251-5d6d-b85c-feeb0d454f2c,,,7a4d6c87-2322-5833-be86-35f25e43f95b,100g phần,GRAM,100.0
f2f46995-0452-57c4-a9a4-5462452494dc,,,7a4d6c87-2322-5833-be86-35f25e43f95b,1 egg,GRAM,46.0
b23e4964-6f67-5ab9-a0c2-d1d0576661d7,,,955f039b-4279-5088-aaee-df8a0472ccdf,100g phần,GRAM,100.0
ca17fcff-17bc-5cec-af11-5af65afb146a,,,955f039b-4279-5088-aaee-df8a0472ccdf,1 cup,GRAM,244.0
e7e3e0a2-1088-5165-8fb6-0aef19bd4f64,,,869f5502-ee28-5e41-8b90-89a76d593a84,100g phần,GRAM,100.0
200a8ada-96d2-5457-a9b3-0036d7f01031,,,869f5502-ee28-5e41-8b90-89a76d593a84,1 cup,GRAM,240.0
885efcfb-dba9-52a5-a9a2-426234a9ef1c,,,7aecc2a7-a106-50e3-bab7-75c0dca2126b,100g phần,GRAM,100.0
f34f00b6-453c-5101-9c03-08e557b569d4,,,7aecc2a7-a106-50e3-bab7-75c0dca2126b,1 oz,GRAM,28.35
0cfd6642-9173-5611-8575-e0276aa2002f,,,4349cfc2-2667-5932-a6de-552c0f416d10,100g phần,GRAM,100.0
25de5f63-caaf-5d0f-a08f-4f5c68f22216,,,4349cfc2-2667-5932-a6de-552c0f416d10,8 fl oz,GRAM,240.0
91bb8506-11a9-5c26-85b5-3b30943be954,,,c4fc092c-ab9e-5b95-99e5-44d4d7769c09,100g phần,GRAM,100.0
9e6813f7-d227-5d83-bf95-2599e461957a,,,c4fc092c-ab9e-5b95-99e5-44d4d7769c09,1 oz,GRAM,28.35
2fac8d7d-ce02-5e57-8ba3-dca6ba585462,,,4e074afd-cba3-5ac4-8909-757621de6c89,100g phần,GRAM,100.0
731b9090-1ec5-5466-814a-42269170b4ec,,,4e074afd-cba3-5ac4-8909-757621de6c89,1 oz,GRAM,28.0
c02723d4-6bea-5b76-b642-10794aec9c5c,,,10de0bfe-d76b-5d34-ae6a-c6cb65066309,100g phần,GRAM,100.0
b71e66e1-020f-5497-bc69-99193a45568a,,,10de0bfe-d76b-5d34-ae6a-c6cb65066309,1 oz,GRAM,28.0
d530280f-28d1-5b5f-afd6-2c4427f522f8,,,d4b5be2f-0a90-5719-abdf-df7d5cd09291,100g phần,GRAM,100.0
fb91cfe0-e5b0-5970-99ab-6f869157810d,,,d4b5be2f-0a90-5719-abdf-df7d5cd09291,8 fl oz,GRAM,240.0
e5b6e0af-1925-54cb-8550-f07915125745,,,c36ec2fd-ffde-58e9-be36-6da4c67a9585,100g phần,GRAM,100.0
def634c2-6620-5c2a-b4ed-b16bf0287351,,,c36ec2fd-ffde-58e9-be36-6da4c67a9585,8 fl oz,GRAM,240.0
054ef8a6-f397-5e0e-bf11-c8b7b1eb3a4c,,,176212ec-a939-5c97-b86e-6feeac0dc7b0,100g phần,GRAM,100.0
2256d0cc-7236-5f0b-b494-5e18686257ed,,,176212ec-a939-5c97-b86e-6feeac0dc7b0,0.5 cup,GRAM,113.0
94e59210-a335-5f2b-86aa-967bad8ab69d,,,65466be5-0834-57b7-a6b6-1f59af237a46,100g phần,GRAM,100.0
d008a1e3-73cd-5501-8338-9d23efcfc112,,,65466be5-0834-57b7-a6b6-1f59af237a46,0.5 cup,GRAM,113.0
d74e8dae-3504-5467-a3d1-ec0fe23dc9f2,,,69be7e41-d0d1-5501-8c29-be14052408ea,100g phần,GRAM,100.0
78ce28b0-00dd-5ce8-a4a8-ebb442e725a9,,,69be7e41-d0d1-5501-8c29-be14052408ea,0.5 cup,GRAM,113.0
3e45b411-79a7-5f51-b8cc-4e83ad6bfd7c,,,a69f083a-bb9d-5ec7-ae1b-a1af56673354,100g phần,GRAM,100.0
09bfab40-d9af-53f5-8202-d01e517f9836,,,a69f083a-bb9d-5ec7-ae1b-a1af56673354,1 cup,GRAM,240.0
d7425630-372f-5969-b04a-c32593c44f97,,,97a96b7b-37bf-563e-b5b5-79508bd62c1e,100g phần,GRAM,100.0
0ae9508e-bb3f-5e83-b45e-d2b431ea4d15,,,97a96b7b-37bf-563e-b5b5-79508bd62c1e,1 cup,GRAM,250.0
de7fb1de-a1e9-5a46-aa25-650a95e65840,,,389d173e-73dc-5855-94b0-19c6d4451745,100g phần,GRAM,100.0
a9e82e31-c13e-5508-bf7f-e1496e4fdf72,,,389d173e-73dc-5855-94b0-19c6d4451745,1 cup,GRAM,240.0
0bdc48e2-873f-54af-b25e-d5de044dd520,,,e6d63246-33c1-5899-b438-b40b705af283,100g phần,GRAM,100.0
1e8fe51c-33f9-52d1-9b4c-73eff009aa46,,,e6d63246-33c1-5899-b438-b40b705af283,1 oz,GRAM,28.35
63e2ff66-99b1-5a30-acc8-9aa84a759647,,,efdef721-88c8-517f-b0b4-393ef449fa77,100g phần,GRAM,100.0
97f90ce0-9bc4-5289-9396-c06e38eca852,,,efdef721-88c8-517f-b0b4-393ef449fa77,2 tbsp,GRAM,30.0
b64742e1-f01d-5afd-ad91-4c902a24f370,,,83863339-2aaf-5277-8094-af90ae5e15b3,100g phần,GRAM,100.0
8b6c7b8c-23fa-5a38-8645-e81d2286c61a,,,83863339-2aaf-5277-8094-af90ae5e15b3,1 slice,GRAM,21.0
e0d3cc1f-78e0-5d0d-9f8c-f5b6beef54bc,,,c353e0f1-d107-54dd-b3e1-c1c1f9d143c2,100g phần,GRAM,100.0
b4f55e4b-96fa-5214-8deb-967c19b3924b,,,c353e0f1-d107-54dd-b3e1-c1c1f9d143c2,1 large egg yolk,GRAM,18.0
5cf9419f-19ce-56e1-b0fe-2fbe451c4184,,,a00a4f48-d311-5b8a-844b-a64e109815fe,100g phần,GRAM,100.0
a916579c-9397-567b-9998-7734063b5d4e,,,a00a4f48-d311-5b8a-844b-a64e109815fe,1 slice,GRAM,28.0
42cad985-d7b2-5fdb-9660-2974a59ee951,,,b325a876-eece-58d1-8af1-715eb7ce55f5,100g phần,GRAM,100.0
6f48dd9d-4410-53af-9a3f-01f3167b751d,,,b325a876-eece-58d1-8af1-715eb7ce55f5,1 cup,GRAM,240.0
03d908e2-c18e-5443-a149-0b76853590d3,,,79403c00-0ff0-5ab5-85b7-0d032a2547fd,100g phần,GRAM,100.0
ef570e90-c4a4-52a7-ab90-d60a9e67d24e,,,79403c00-0ff0-5ab5-85b7-0d032a2547fd,1 oz,GRAM,28.0
86050c48-1b18-51a4-9f90-1a584260b3c3,,,d9ffa8d6-f4ec-5506-80df-4ccd3a9881ce,100g phần,GRAM,100.0
0206c640-2a60-57be-b196-a85c159dd2ed,,,d9ffa8d6-f4ec-5506-80df-4ccd3a9881ce,1 oz,GRAM,28.0
1bee08d9-335f-586e-9640-3e71e9c187b7,,,f4242490-960d-5c6a-a8f9-bed1c591beea,100g phần,GRAM,100.0
a7b11e50-a0c8-5905-b87c-49788ce7d5dc,,,f4242490-960d-5c6a-a8f9-bed1c591beea,1 cup,GRAM,240.0
548f8e81-4d7f-56bd-a3eb-b50b0203501f,,,6ef0f0bb-bfd8-5442-b690-7fe3af39fd18,100g phần,GRAM,100.0
d7dd3036-f5b3-5fb2-93b9-86c238325dc6,,,6ef0f0bb-bfd8-5442-b690-7fe3af39fd18,1 oz,GRAM,28.0
34433a8b-40fd-5715-a012-92e261e0a91f,,,64035395-ff1b-52d2-b1bb-fa45d8ac7b6e,100g phần,GRAM,100.0
dc6ab5cc-2acb-53d9-995f-1bd3f65fcd41,,,64035395-ff1b-52d2-b1bb-fa45d8ac7b6e,1 oz,GRAM,28.0
2566b338-226d-5cfa-a82a-1e999b5300e7,,,a679b9e9-a17a-53a3-a53e-68d7b7dd7cf4,100g phần,GRAM,100.0
fef7d007-2a73-5b3e-8ac0-fec8556f4171,,,a679b9e9-a17a-53a3-a53e-68d7b7dd7cf4,0.33 cup,GRAM,28.0
22ec1d5e-dff4-5622-a5e0-ba75b513ed09,,,144a1520-3cb6-536d-9686-73db823ecb37,100g phần,GRAM,100.0
b863286a-df20-5331-aa7b-4839a16e5d70,,,144a1520-3cb6-536d-9686-73db823ecb37,1 cup,GRAM,240.0
5b3ef65c-ded6-5bb9-bc1d-4ec78065b783,,,3606c23b-7177-5681-8e00-fe23d33f631e,100g phần,GRAM,100.0
ea2cf9fd-f0b2-52d8-8395-76de67d534ce,,,3606c23b-7177-5681-8e00-fe23d33f631e,1 oz,GRAM,28.0
9b0c9be8-2240-5a87-9afa-a5a860604695,,,d7cfd19b-616d-5c31-b66a-f8c86243cc67,100g phần,GRAM,100.0
7d6b9aff-1565-522c-bb33-e184b0574f59,,,d7cfd19b-616d-5c31-b66a-f8c86243cc67,1 egg,GRAM,47.0
30eba83d-e00a-5d72-ad71-0f1343fb8c69,,,c921a8fe-bdeb-5272-a363-d7dd845ef47a,100g phần,GRAM,100.0
8a17036b-4db6-51d9-92c7-5b4567397b9f,,,c921a8fe-bdeb-5272-a363-d7dd845ef47a,8 oz,GRAM,227.0
242ca210-6d55-5ccf-9902-af1b9f0eabcc,,,acfd7a65-c5d3-54f5-9ec4-0faa71664741,100g phần,GRAM,100.0
971e512a-8ba3-5509-ae4e-e5e3b51894fd,,,acfd7a65-c5d3-54f5-9ec4-0faa71664741,8 fl oz,GRAM,240.0
ebcc5982-eeb8-5f38-9651-b3b518855d1f,,,f75adddf-0b93-55d6-9963-b9daa9ab93de,100g phần,GRAM,100.0
4e93caee-750f-59e9-ac65-f45ffa0084ad,,,f75adddf-0b93-55d6-9963-b9daa9ab93de,1 oz,GRAM,28.35
4d7aeea2-e546-5b07-8b4e-cd200ef528ff,,,c91ecbd9-3fbc-5782-9982-97d9bfe891b4,100g phần,GRAM,100.0
b8187dd5-1fc2-585b-bc98-e15d6c9af4c6,,,c91ecbd9-3fbc-5782-9982-97d9bfe891b4,1 cup,GRAM,240.0
a3bf0d38-26e7-5096-a960-0db2859be518,,,22958194-5d6d-5144-ad63-f983440c8ee0,100g phần,GRAM,100.0
f76dceec-ba9f-57db-84e0-af373c645768,,,22958194-5d6d-5144-ad63-f983440c8ee0,1 oz,GRAM,28.0
3aec3ed4-8b56-5b3e-a628-a4075e6764b8,,,ae43083e-03d3-51de-bcfa-cdf8ed1d0711,100g phần,GRAM,100.0
d16f2339-5a77-58ae-9a26-c09133c06709,,,ae43083e-03d3-51de-bcfa-cdf8ed1d0711,1 stick,GRAM,28.0
cfd9e1f0-69c1-5fc1-a628-d7fa2ea73181,,,b79da757-20d0-5c90-a9fb-bf1e3e203744,100g phần,GRAM,100.0
624bdda0-b579-5fad-98a8-90692de71b50,,,b79da757-20d0-5c90-a9fb-bf1e3e203744,2 tbsp,GRAM,30.0
27cc9501-eb47-5d4c-97e1-02bb1f3fd8df,,,69228206-5b57-54da-a407-c978fc32d314,100g phần,GRAM,100.0
8e58aa1f-4070-53da-afe5-5f2750192731,,,69228206-5b57-54da-a407-c978fc32d314,2 tbsp,GRAM,28.0
9656bc3f-393c-5e0a-8050-198e8b9236a6,,,0e984476-4782-537d-8cba-566a4df23173,100g phần,GRAM,100.0
cb528cf9-9c55-5d0a-96eb-b1ac95e3c20c,,,0e984476-4782-537d-8cba-566a4df23173,2.7 fl oz,GRAM,80.0
5ee02bde-b7b0-563c-9fc1-b06e90600aa4,,,002a40df-380b-5cf3-86ed-c4431f62f14e,100g phần,GRAM,100.0
2db8f887-b0e3-54ea-a1d4-b0f2dc7559ec,,,002a40df-380b-5cf3-86ed-c4431f62f14e,2 oz,GRAM,57.0
fe6af148-7fa1-53fa-b540-b93aaf884462,,,23b0c219-cbcf-529c-a7cd-756217712c63,100g phần,GRAM,100.0
27793a05-f2af-598f-a3dc-7d08e0de7b38,,,23b0c219-cbcf-529c-a7cd-756217712c63,4 oz,GRAM,113.0
adc0319d-20e7-5278-90b7-1cf05bfd2c96,,,0a5de321-d754-5bcd-9f39-793bf35a38fc,100g phần,GRAM,100.0
f60cbad1-c2bc-52c0-8840-8f480390dbdf,,,0a5de321-d754-5bcd-9f39-793bf35a38fc,1 cup,GRAM,240.0
272bf2d2-c93b-5d20-8e20-b565886cf0cf,,,fdf36b49-adc8-5890-a85a-2bd9b22835f6,100g phần,GRAM,100.0
87915cc3-90ac-5af1-bba2-431e6a12ba65,,,fdf36b49-adc8-5890-a85a-2bd9b22835f6,2 tbsp,GRAM,31.0
f785726f-41e5-5f7c-abb7-9da5f2d63b1e,,,6131b776-a098-5e88-b4f2-a71335cc808f,100g phần,GRAM,100.0
d2b6226f-a6d6-5646-bdb3-dd3379727d46,,,6131b776-a098-5e88-b4f2-a71335cc808f,2 tbsp,GRAM,28.0
deb9f6f6-d2f9-5379-9d32-4965b25ba94e,,,370b538b-4a55-5095-be96-e6e7d0f8b0b8,100g phần,GRAM,100.0
bb78ea93-0c6c-5eba-bdcd-500b301882bd,,,370b538b-4a55-5095-be96-e6e7d0f8b0b8,0.33 cup,GRAM,80.0
f7718913-25f7-5f84-aa7f-6308d842b696,,,18cb995d-fdfb-568e-8434-32a0470e6365,100g phần,GRAM,100.0
897b4583-82da-5771-9e4d-553ad46bb1eb,,,18cb995d-fdfb-568e-8434-32a0470e6365,1 slice,GRAM,23.0
0efc896a-2112-5082-a272-317c57fd546b,,,c9372af4-6e6b-52ed-9449-c60e68b2c6e9,100g phần,GRAM,100.0
f393dc66-e323-59c0-945d-d55abe2e38da,,,c9372af4-6e6b-52ed-9449-c60e68b2c6e9,2 tbsp,GRAM,30.0
f3212a7c-bbc6-5393-821e-87a63328ff0c,,,84dc43ea-858d-54f6-b6de-5a99220d1cb5,100g phần,GRAM,100.0
9ae174a0-f50d-5a19-856e-dc7911417f97,,,84dc43ea-858d-54f6-b6de-5a99220d1cb5,0.33 cup,GRAM,33.0
01de18d9-d543-504e-b073-e485195b7dd2,,,7517ed74-b05a-5246-954a-eeb1587ad105,100g phần,GRAM,100.0
461b7f90-7eb7-5428-9bc3-35336a977f55,,,7517ed74-b05a-5246-954a-eeb1587ad105,1 cup,GRAM,244.0
f2480642-e39e-57fc-adf0-f9d52dd93c3f,,,1f9a8b24-045f-55f7-b25a-cabe5bae0652,100g phần,GRAM,100.0
09081a7e-7025-59f4-ba14-9b31efe2ce96,,,1f9a8b24-045f-55f7-b25a-cabe5bae0652,1 scoop,GRAM,30.0
75eb26be-9acd-5d50-ba0c-1982b294b32e,,,f14967a3-cbb9-505a-8e60-cf2ff7f0428e,100g phần,GRAM,100.0
af19bc2f-26bc-53fb-be93-369cdac70377,,,f14967a3-cbb9-505a-8e60-cf2ff7f0428e,1 oz,GRAM,28.0
eb6c57be-7734-5241-b967-7527c14c8fca,,,57450781-90af-5989-af22-5acbf725fa1a,100g phần,GRAM,100.0
d16dc698-d925-5b19-a76b-54a3e62a834e,,,57450781-90af-5989-af22-5acbf725fa1a,1 tbsp,GRAM,21.0
397d2578-a9a3-55ae-ba35-0245358924d6,,,7f871b68-ca7d-5f5f-90ea-53346465f43a,100g phần,GRAM,100.0
91436bdb-9e75-528f-9d0a-30cb15006732,,,7f871b68-ca7d-5f5f-90ea-53346465f43a,1 oz,GRAM,28.0
72e80bd7-3d81-5a93-93dd-2cb2d9336534,,,ace83bf7-6b9f-5c51-82f4-b785058a727e,100g phần,GRAM,100.0
59a9e4ed-b03e-556e-96ce-5cbbd60550ca,,,ace83bf7-6b9f-5c51-82f4-b785058a727e,1 oz,GRAM,28.0
e0a523c8-3076-565f-ab5f-9de4f6aafbaa,,,58635666-7c42-53e9-9e92-f87598f71b32,100g phần,GRAM,100.0
863877a9-c628-5f3c-a79e-9f151ba254ab,,,58635666-7c42-53e9-9e92-f87598f71b32,1 tbsp,GRAM,15.0
47925222-8211-5c6c-9f9d-e2d05e540957,,,2bb40c39-817a-5b18-b042-2aeae265ddf6,100g phần,GRAM,100.0
330630de-3149-54f1-9a9d-7d81ab74a27a,,,2bb40c39-817a-5b18-b042-2aeae265ddf6,1 oz,GRAM,28.0
78a18221-e648-5167-bc2f-0576c5d25bbf,,,2bae7f1e-0c84-591b-b8c8-2a41d53f5439,100g phần,GRAM,100.0
9b5f89d8-02e7-5511-8596-755479356ef9,,,2bae7f1e-0c84-591b-b8c8-2a41d53f5439,1 oz,GRAM,28.0
7add0754-994e-553f-9ee1-7a6e18a08c6a,,,6aca71ed-03e9-53e4-8f3c-386070f31f65,100g phần,GRAM,100.0
543fc4bd-16e0-54f6-b694-5bc239c63dc5,,,6aca71ed-03e9-53e4-8f3c-386070f31f65,1 oz,GRAM,28.0
3e6c54a4-9fbb-5d9d-92fe-01b623710b3e,,,322d0ad9-cc7b-5faa-be16-c2033d45a7be,100g phần,GRAM,100.0
7e9c7590-7017-5fb7-9476-276ad59837ad,,,322d0ad9-cc7b-5faa-be16-c2033d45a7be,0.5 cup,GRAM,120.0
9449efe8-08e0-5d42-b5b1-fa2dbfe02691,,,cd684fee-0262-5869-bc50-1760dd80678b,100g phần,GRAM,100.0
6c681ea9-cb9e-5a89-8aa5-ebdc2d3c1769,,,cd684fee-0262-5869-bc50-1760dd80678b,1 cup,GRAM,240.0
078642b5-a906-5732-b213-1299fb128e23,,,94e78577-88cf-5b31-b351-8897c59b22b1,100g phần,GRAM,100.0
7ca8ad10-ca3b-5ce6-988a-35816c9d0d3b,,,94e78577-88cf-5b31-b351-8897c59b22b1,2 tbsp,GRAM,30.0
22eef92b-94d9-506d-8b8a-c7d063afd901,,,fd24a0b0-8e0d-5823-80ba-ec5f71d3e1af,100g phần,GRAM,100.0
814cdb9e-6a46-5484-90c9-2473640e9b86,,,fd24a0b0-8e0d-5823-80ba-ec5f71d3e1af,1 oz,GRAM,28.0
0d5af052-76d4-58f6-a909-a508156f8374,,,a12f2540-a976-51dd-83e5-fab38f2542b6,100g phần,GRAM,100.0
0fdaf3ee-74f9-55f9-b84d-d5f0b54f3051,,,a12f2540-a976-51dd-83e5-fab38f2542b6,2 tbsp,GRAM,30.0
cc5c8b30-fd3f-5ee9-a17b-541f3b636c81,,,0e15eb58-0556-533e-bbf9-0a4082706399,100g phần,GRAM,100.0
0f61a0cc-3dcc-54e3-9995-aee9f32a9660,,,0e15eb58-0556-533e-bbf9-0a4082706399,1 cup,GRAM,240.0
66af83f5-1ec8-52d1-b30d-31cae2290009,,,d2a12602-1d07-5e1f-9db9-eaba758d9759,100g phần,GRAM,100.0
f2d3d07c-d7dd-5352-b519-5051ac346c1c,,,d2a12602-1d07-5e1f-9db9-eaba758d9759,2 tbsp,GRAM,28.0
dfa85b39-af74-5cc2-b03e-e8af834c2112,,,b83842c1-f1d4-51ea-a95e-260e18ef4542,100g phần,GRAM,100.0
b667e22c-dd0d-5cea-bbdb-da72b240e58b,,,b83842c1-f1d4-51ea-a95e-260e18ef4542,0.5 cup,GRAM,113.0
e341e7bc-3b41-5d7a-b241-07986b829dba,,,88a6af6e-b544-50cb-8d3a-cc681ab57ac2,100g phần,GRAM,100.0
25898958-350f-5cbf-be05-b920520d0d82,,,88a6af6e-b544-50cb-8d3a-cc681ab57ac2,2 tbsp,GRAM,30.0
9466955e-a323-565e-bc9c-539494717b86,,,c0a4c616-9020-54bd-b72f-46b434567796,100g phần,GRAM,100.0
140e7a77-20f7-5c04-8c94-2d1ac4a5a721,,,c0a4c616-9020-54bd-b72f-46b434567796,14 fl oz,GRAM,414.0
3519a5be-f82c-5c79-8b27-5813b31fa6c4,,,aafddc2a-4556-5fb2-98ab-084c94854f36,100g phần,GRAM,100.0
51715beb-f68f-5637-a653-d0ad1a2dd996,,,aafddc2a-4556-5fb2-98ab-084c94854f36,1 cup,GRAM,240.0
e8d50124-49d1-5482-a1ce-a6be2789412e,,,a136bdd5-75d0-5238-b33e-91f0a3027d65,100g phần,GRAM,100.0
d03f0a0c-49f5-59fa-81ef-57b07f1835a0,,,a136bdd5-75d0-5238-b33e-91f0a3027d65,1 slice,GRAM,28.0
c2f75119-76df-5674-bab3-f9e5c40c42a7,,,79216e44-8e69-5adf-af99-9a13f85e29dc,100g phần,GRAM,100.0
72326da8-5bec-5596-8034-f139e1cc38cb,,,79216e44-8e69-5adf-af99-9a13f85e29dc,1 oz,GRAM,28.0
78d21391-1113-5994-b93f-912b7c68547a,,,ed1034ed-565b-5685-806b-a3bd9ce286a9,100g phần,GRAM,100.0
9892780e-1648-5e1a-b612-4abcc5a4bcf6,,,ed1034ed-565b-5685-806b-a3bd9ce286a9,1 oz,GRAM,28.0
5d8acd1f-63c8-5759-a82e-f00c4548aeaf,,,c8933c59-8a85-55f0-8efd-ca96d4b7e75a,100g phần,GRAM,100.0
d5bead16-cae7-5862-b4d7-05a561e58046,,,c8933c59-8a85-55f0-8efd-ca96d4b7e75a,1.5 oz,GRAM,42.0
c5874f64-36e7-577e-ae56-ff036d27211c,,,a660987e-9a3c-5754-a1eb-591744a1e4eb,100g phần,GRAM,100.0
c5d2d200-1cb9-5c2c-aee9-6ceeac4ed92f,,,a660987e-9a3c-5754-a1eb-591744a1e4eb,5.3 oz,GRAM,150.0
74bd7694-dab2-5b04-8b76-55b709c352b1,,,d55a3740-6f49-506a-85fd-cc94138d3a3b,100g phần,GRAM,100.0
7078f91a-c46c-575b-8a55-8cf17e1fbfab,,,d55a3740-6f49-506a-85fd-cc94138d3a3b,5.3 oz,GRAM,150.0
1db207d7-5d2d-5d77-a846-62ab095e065c,,,a877e037-192a-57e7-ab3b-15d33dbe83bb,100g phần,GRAM,100.0
74d4dd43-d7e4-599b-9c6a-484f78863e7f,,,a877e037-192a-57e7-ab3b-15d33dbe83bb,0.33 cup,GRAM,80.0
c265ffda-d538-599e-bac0-2e39b90a221a,,,2f0d3086-d7fc-54cb-8b6a-ef6328f32eb4,100g phần,GRAM,100.0
271401d1-558f-5b38-8b4f-6c8ecf10e6ca,,,2f0d3086-d7fc-54cb-8b6a-ef6328f32eb4,1 oz,GRAM,30.0
45684bed-f143-5007-9d58-1105e16a0aef,,,ea47b1c7-497e-5c50-8f10-adfaf184f207,100g phần,GRAM,100.0
23c22cb7-7237-5099-8fe0-8324cab11956,,,ea47b1c7-497e-5c50-8f10-adfaf184f207,0.5 cup,GRAM,124.0
1b3e4ddb-edcf-5641-bf06-263837f9f3a5,,,72e62dc4-89c5-550a-b30b-6ec91c96ab6c,100g phần,GRAM,100.0
1db1897f-4b61-547d-8f99-6ed156b721c3,,,72e62dc4-89c5-550a-b30b-6ec91c96ab6c,1 oz,GRAM,28.0
ca40ff7d-4090-5f67-9148-e96a6602847d,,,26556320-b84f-57bf-ad68-ad04165c9703,100g phần,GRAM,100.0
70056aa2-3b5f-587b-ae29-f58d5b74d8f0,,,26556320-b84f-57bf-ad68-ad04165c9703,2 tbsp,GRAM,30.0
4008f809-f728-5dcb-9756-bf2363d3b47e,,,a0712d9f-76e6-5917-9d45-0ae6bcf3dbc1,100g phần,GRAM,100.0
06e2bf61-d564-5d45-bd99-3a03bbe8479a,,,a0712d9f-76e6-5917-9d45-0ae6bcf3dbc1,1 oz,GRAM,28.0
32848c39-2c20-59d3-9929-46a2f55bab71,,,87eb011f-6642-5b1b-b0ed-682a435d9bc1,100g phần,GRAM,100.0
2a4c8915-a1d5-5838-94c3-3f8134f7689e,,,87eb011f-6642-5b1b-b0ed-682a435d9bc1,1 cup,GRAM,240.0
f1c37ecd-3147-5ab4-94de-fd469fa935d2,,,69d1e35e-f181-5791-aa1b-a4d4d5e30716,100g phần,GRAM,100.0
bef4ed91-7c31-54ad-af62-86e39998aaf5,,,69d1e35e-f181-5791-aa1b-a4d4d5e30716,1 biscuit,GRAM,30.0
b160e6ee-2770-5c52-9fbd-7c04bc3777bb,,,295c7c7c-1af1-5202-bf66-581685031fcd,100g phần,GRAM,100.0
2d80fee9-0ef9-5425-b386-11232df79852,,,295c7c7c-1af1-5202-bf66-581685031fcd,1 cup,GRAM,240.0
3891cd8a-3f03-56e6-a3aa-24733db72a4b,,,7cc00135-4ae1-519b-9ed7-aa6eb740cd55,100g phần,GRAM,100.0
4558e3a9-440d-5ca0-80ff-13f04481c91c,,,7cc00135-4ae1-519b-9ed7-aa6eb740cd55,1 oz,GRAM,28.0
23ef9dc4-eab7-5528-bdec-5b6ab9493b25,,,0f0546cb-c5a7-5afe-8985-e8bb5f74b03e,100g phần,GRAM,100.0
06dcd3b3-5cca-58b8-ac82-9918f4e0e1c7,,,0f0546cb-c5a7-5afe-8985-e8bb5f74b03e,2 tbsp,GRAM,30.0
da1d4d60-8754-5a9c-8f5c-d42d80a9479b,,,ddf1d48f-8f7b-5362-b246-46f7060401d5,100g phần,GRAM,100.0
13660a8d-439f-5064-94aa-f4efe1a36db1,,,ddf1d48f-8f7b-5362-b246-46f7060401d5,1 oz,GRAM,28.35
05ac5ca3-bbfe-5a82-b805-2c1546b78252,,,3f02a5ac-3c3f-5563-9d05-f46c2c4de8e7,100g phần,GRAM,100.0
c52f7543-e90a-58bc-bca2-63054d55fd21,,,3f02a5ac-3c3f-5563-9d05-f46c2c4de8e7,1 oz,GRAM,28.0
40c7de92-f43d-5700-b0ee-3b3d24042a30,,,f1eb7445-77c8-52fd-b3de-0525a7efd3f9,100g phần,GRAM,100.0
dd314943-241d-5fc0-bc2e-974bf21de723,,,f1eb7445-77c8-52fd-b3de-0525a7efd3f9,1 oz,GRAM,28.0
31f5e8a8-a4a6-563c-b729-c0d2a27c274d,,,b4194a86-46c3-5adb-9115-86db9f13d682,100g phần,GRAM,100.0
202f1a52-3645-5337-9492-d4e182a3ef01,,,b4194a86-46c3-5adb-9115-86db9f13d682,1 oz,GRAM,28.35
399d9076-fe95-51d6-aea1-b23ca1bb26c9,,,a404c503-47c4-5b76-a980-c883d753029f,100g phần,GRAM,100.0
211aff37-9fb1-51b7-b096-c41e253817bd,,,a404c503-47c4-5b76-a980-c883d753029f,2 tbsp,GRAM,30.0
588cd58e-30bf-5f97-b03a-4bdb9e7fef63,,,9fc3db66-88d3-5538-b22e-f5a855e5bb05,100g phần,GRAM,100.0
787d609e-b8b2-55cf-bc83-af2f0468325a,,,9fc3db66-88d3-5538-b22e-f5a855e5bb05,1 oz,GRAM,28.0
bfcf43d2-d686-5969-8c78-5d095c731d36,,,814bf532-f496-553a-a588-a57c4c516e62,100g phần,GRAM,100.0
38ef6027-0e9e-5507-9598-8d762738732f,,,814bf532-f496-553a-a588-a57c4c516e62,1 cup,GRAM,244.0
6465b15b-783b-508f-bbcd-b3a039861813,,,2291eb08-e713-53db-bd6d-5d2b80922979,100g phần,GRAM,100.0
eee2ef2e-adbf-5a12-a947-4a485cf6ca88,,,2291eb08-e713-53db-bd6d-5d2b80922979,1 scoop,GRAM,33.0
341233cc-ef4a-525c-8a5f-d79f5bfb126b,,,bce80c9c-2e12-58c0-a8bb-2dd8c396b4fe,100g phần,GRAM,100.0
efb56ced-31e3-5648-ba36-955a42b88a5b,,,bce80c9c-2e12-58c0-a8bb-2dd8c396b4fe,1 tbsp,GRAM,28.0
62e33e98-c897-58a5-bd69-91f44ae1aac1,,,0665c16e-6c24-556d-8e98-c2d049ee3508,100g phần,GRAM,100.0
90ef84cb-0b27-561b-9a6a-6370718ffe39,,,0665c16e-6c24-556d-8e98-c2d049ee3508,1 oz,GRAM,28.35
6ab20a7e-87ea-5fda-88d0-74a614d22231,,,d9e5da42-f6a9-5683-9754-235cfab2674d,100g phần,GRAM,100.0
b9d22572-585c-5d62-bc03-a2e39495101e,,,d9e5da42-f6a9-5683-9754-235cfab2674d,1 oz,GRAM,28.0
f4435e2b-7864-507a-91ad-bfb90fec4754,,,0783bc5b-0c29-550c-ba04-17330b049bae,100g phần,GRAM,100.0
1283376a-bbb4-56d2-90ca-9b1801976649,,,0783bc5b-0c29-550c-ba04-17330b049bae,1 oz,GRAM,28.0
64663239-2c34-5b39-a268-f6510724c803,,,4ba4c546-370c-580f-a037-ec10f11399b4,100g phần,GRAM,100.0
88e7b978-0a9a-58b5-9c44-abe5ed69a5cc,,,4ba4c546-370c-580f-a037-ec10f11399b4,1 oz,GRAM,28.0
b78d10a3-efb7-5f16-abf4-5dbcf0b48cb3,,,1ab1a2df-d586-5f57-827c-7a5da352512a,100g phần,GRAM,100.0
01c2dff8-93cc-59fd-ac99-8b16aa5580c9,,,1ab1a2df-d586-5f57-827c-7a5da352512a,1 slice,GRAM,20.0
721227c0-5ba3-504b-b8bc-bf846f1b2f32,,,733948bf-950c-56c1-9df6-4c6b2351236d,100g phần,GRAM,100.0
96306310-25b8-5213-8f6e-2b2ae63a4753,,,733948bf-950c-56c1-9df6-4c6b2351236d,1 oz,GRAM,28.0
7c91f783-b777-5a9a-b625-05608cc2ab21,,,47429d51-330d-50cd-a23c-a6ffba7e6ff7,100g phần,GRAM,100.0
6bbeb3e9-33af-580e-be10-97b56d40883a,,,47429d51-330d-50cd-a23c-a6ffba7e6ff7,0.5 cup,GRAM,124.0
f74c050a-067e-57bf-b016-3643015a4244,,,ff70aa76-86a7-599c-bffc-b6674c5585a5,100g phần,GRAM,100.0
15978a8d-3561-5cb7-af3a-ffef6f50084a,,,ff70aa76-86a7-599c-bffc-b6674c5585a5,2 tbsp,GRAM,30.0
27609de3-531b-5f78-86c2-64a35fb0eeee,,,e8e65028-dffd-5992-934a-268d9abd1c54,100g phần,GRAM,100.0
be27e383-1483-51a4-a14b-bb14d0c163d8,,,e8e65028-dffd-5992-934a-268d9abd1c54,1 turnover,GRAM,110.0
3f08eb71-c218-5a5f-84d9-e0794b70029e,,,70a6d7b0-ff6d-5c48-b3a6-01651108a5c9,100g phần,GRAM,100.0
a46980aa-973c-5d7a-a2e6-75221618e79b,,,70a6d7b0-ff6d-5c48-b3a6-01651108a5c9,1 oz,GRAM,28.35
bfa8c3b6-4ae3-5a94-9d82-8bda5ff6cf05,,,081b0f4a-da8b-56a7-badb-cb0ec1f5434c,100g phần,GRAM,100.0
daf982fd-013a-5a0a-8a3c-d3c65ee4cf1e,,,081b0f4a-da8b-56a7-badb-cb0ec1f5434c,1 oz,GRAM,28.0
678a197b-515e-59f6-93a9-5e7a7a2a5167,,,7e9091c8-4d5b-5be1-ae26-403dde20b4be,100g phần,GRAM,100.0
f68b0e47-6e28-551c-8a5b-abf44a7ac966,,,7e9091c8-4d5b-5be1-ae26-403dde20b4be,2 tbsp,GRAM,30.0
5065664e-3b04-56b3-85d6-f7b6e88649d9,,,c998cc41-f001-5803-a968-8f713230c93a,100g phần,GRAM,100.0
6dd456a0-41df-51a3-9c03-a9cb187078a3,,,c998cc41-f001-5803-a968-8f713230c93a,1 oz,GRAM,28.35
df1b27be-94d1-5506-8e04-67a3cebe4053,,,70bc8244-83c7-55cd-b5a7-ff5b99069414,100g phần,GRAM,100.0
b10ad436-250e-5d17-a1fc-c13415436824,,,70bc8244-83c7-55cd-b5a7-ff5b99069414,0.5 cup,GRAM,124.0
e2127866-1378-5e88-929e-942104c4e960,,,a06c8cfe-3cfa-5230-826c-b779a873050b,100g phần,GRAM,100.0
bbb33311-e3c7-5df7-b742-b50887781b26,,,a06c8cfe-3cfa-5230-826c-b779a873050b,1 oz,GRAM,28.0
96b9387c-e3c7-5108-8b7a-aefa9bcccac8,,,5d14ba1a-8556-58e0-a203-cf91fc62b587,100g phần,GRAM,100.0
6608c763-e681-5c3e-aabe-d3462b2c6777,,,5d14ba1a-8556-58e0-a203-cf91fc62b587,1 cup,GRAM,240.0
74b35c61-9613-542a-b2d9-76d6c63c6c03,,,58fea12a-9551-5b49-b605-618ebbab41f2,100g phần,GRAM,100.0
1e4400f6-74f9-5ddf-8dd1-4c573399f3e3,,,58fea12a-9551-5b49-b605-618ebbab41f2,5.3 oz,GRAM,150.0
80603a32-5e1d-52eb-8930-b8099a83e939,,,48a08834-adee-53c6-ba86-6fe46763c905,100g phần,GRAM,100.0
c44fdb7a-6087-57de-abcf-b2288e9aa989,,,48a08834-adee-53c6-ba86-6fe46763c905,1 tbsp,GRAM,15.0
fe08b562-b18e-5fbc-8262-e6136d917141,,,a5781829-f067-5102-bb6e-4e006a3db269,100g phần,GRAM,100.0
480ecc4b-a187-55bd-8915-4e99cd1b4c31,,,a5781829-f067-5102-bb6e-4e006a3db269,1 oz,GRAM,28.0
853ca53b-5581-5b19-ab1c-be65d5b19a43,,,d92b399a-eeb0-5624-bc5a-082e2f8cd451,100g phần,GRAM,100.0
d17e7365-ce02-5d32-87ba-c19ddf206aca,,,d92b399a-eeb0-5624-bc5a-082e2f8cd451,2 tbsp,GRAM,12.0
1d6287c6-6afe-583e-8a68-41624a1e1abf,,,fb48b29b-1811-58d6-a930-e3fde62f7272,100g phần,GRAM,100.0
5ad9932c-fb2b-5870-b963-6831b6a2b5f3,,,fb48b29b-1811-58d6-a930-e3fde62f7272,2 tbsp,GRAM,20.0
606caec9-2ba8-593b-a8a0-4c08246f08ed,,,2af81dbd-a31b-5efe-a919-44229035f8c8,100g phần,GRAM,100.0
aff69982-e82c-5314-8b4d-007375392e11,,,2af81dbd-a31b-5efe-a919-44229035f8c8,1 oz,GRAM,28.0
f240809c-1959-5a1e-9fec-1abe471798c5,,,de2f2b73-f0ea-5d66-8b9f-bb097a281523,100g phần,GRAM,100.0
9d09e437-168e-5a3d-b573-7efae9b68e59,,,de2f2b73-f0ea-5d66-8b9f-bb097a281523,1 oz,GRAM,28.0
5eb82871-93c4-5d84-8ae5-9a73425bc69e,,,a2b29dbc-74ea-5bc0-a78d-ce6175614db6,100g phần,GRAM,100.0
bf22cd83-80c3-5123-804d-b013786243ca,,,a2b29dbc-74ea-5bc0-a78d-ce6175614db6,1 oz,GRAM,28.0
e0b06d11-b999-5a42-88a6-1344ddc0c9c1,,,52126dff-a808-529c-bf93-7477346156bb,100g phần,GRAM,100.0
4fdbbcd6-2c37-5574-9f1b-bd7dd094e007,,,52126dff-a808-529c-bf93-7477346156bb,2 tbsp,GRAM,29.0
b02833d6-6c6f-5a4b-b03f-d64c60e8e47b,,,56529543-c825-5d6f-944c-9cd23d953627,100g phần,GRAM,100.0
a79dceef-d8a9-58a8-be47-829d1b2fc46f,,,56529543-c825-5d6f-944c-9cd23d953627,1 oz,GRAM,28.0
d0f50499-190a-5904-8464-6a980adf17a4,,,8de8326f-ac16-5b7e-a93b-9536d09991d9,100g phần,GRAM,100.0
4c49aa51-be53-5d23-bd5c-f6915d44fbde,,,8de8326f-ac16-5b7e-a93b-9536d09991d9,1 oz,GRAM,28.0
ada1eafa-56af-5281-9b86-0167d8496718,,,06eef2c4-9c70-5d83-bf59-3c2d76a5177e,100g phần,GRAM,100.0
7992056d-f6b3-58f1-889f-5384d5be9997,,,06eef2c4-9c70-5d83-bf59-3c2d76a5177e,1 oz,GRAM,28.0
37e2e028-6908-5271-a44e-c1c8d1866fbf,,,2e3dfc64-4b19-5bf9-a598-a39c9516cb64,100g phần,GRAM,100.0
2ea3f1f7-bf7d-5328-9bca-d5bd6bbd8dd4,,,2e3dfc64-4b19-5bf9-a598-a39c9516cb64,1 oz,GRAM,28.0
9136b4dd-3ee8-55fe-8ca1-0d774664f616,,,53525182-1dd3-54ae-b9ce-a6ea20d6a9d9,100g phần,GRAM,100.0
31f8f3aa-7818-5f2e-bd7b-c2b6ac20b2f2,,,53525182-1dd3-54ae-b9ce-a6ea20d6a9d9,1 oz,GRAM,28.0
1de881c1-ca23-5e5b-92e2-595f1439524b,,,be2f0687-0e33-5f47-a2b1-e7387a62b9c5,100g phần,GRAM,100.0
e31b1bf5-7e57-5b3e-90f9-c62dba1d210d,,,be2f0687-0e33-5f47-a2b1-e7387a62b9c5,2 tbsp,GRAM,31.0
963d84d9-9a7c-5720-909f-d833a96c5e26,,,daf0d68a-0293-5fa1-a2b0-f63ee4555996,100g phần,GRAM,100.0
e7488a16-77d4-5823-955b-308e370b5512,,,daf0d68a-0293-5fa1-a2b0-f63ee4555996,1 oz,GRAM,28.0
65c49de6-fa32-56be-9e1a-4621e930d0a4,,,f1937503-d43d-5649-995a-d8165e4592ff,100g phần,GRAM,100.0
aeb36e51-c06f-521c-ae82-16836f76fb5b,,,f1937503-d43d-5649-995a-d8165e4592ff,2 tbsp,GRAM,31.0
104d0745-5a66-5b4e-84d7-ff7893934fb1,,,e9831719-8829-544a-8a63-1557f087e1e5,100g phần,GRAM,100.0
4dd2b489-a73e-568b-99cf-1fe98a269093,,,e9831719-8829-544a-8a63-1557f087e1e5,1 tbsp,GRAM,20.0
1e030b7d-1d12-5c2b-9036-d738f04b865c,,,0027eb30-31bf-5e7a-b1ba-a0a3f3d3afc7,100g phần,GRAM,100.0
2936263d-5e6f-5624-b2be-2b22a98ec8b3,,,0027eb30-31bf-5e7a-b1ba-a0a3f3d3afc7,2 fl oz,GRAM,60.0
ca2688d3-69bb-5649-a06f-c6f57d4ec0eb,,,21f49b5f-6c74-5b40-b590-6a061ff78b78,100g phần,GRAM,100.0
e6987d72-f9c0-5688-a3b3-24d218418ab3,,,21f49b5f-6c74-5b40-b590-6a061ff78b78,1 oz,GRAM,28.0
7a80a227-3f0d-51b4-8b1f-f31f6e556a7c,,,4c5fee79-787c-5165-ada9-7c6327061d0c,100g phần,GRAM,100.0
7823272b-6586-54ea-ab4f-459b4fa5abfe,,,4c5fee79-787c-5165-ada9-7c6327061d0c,2 tbsp,GRAM,30.0
fda2de4a-44b5-5cfc-8253-5af70e7f54ff,,,402c2f30-f6a5-5018-aab1-537a1b71becc,100g phần,GRAM,100.0
fd84015d-a79f-56ac-a6e5-6ad05436eaaa,,,402c2f30-f6a5-5018-aab1-537a1b71becc,1 cup,GRAM,240.0
330718f0-fd4b-511a-80d6-62bfa1d02700,,,8ff49041-ea68-5866-b7c7-0c1022e1b401,100g phần,GRAM,100.0
b1cf398d-8668-5905-9cd9-dc3d6f32a423,,,8ff49041-ea68-5866-b7c7-0c1022e1b401,1 oz,GRAM,28.0
3d6f434e-c827-53ff-bc6e-a034ca674dd6,,,83aa9347-69dc-58be-8c87-f12873debef3,100g phần,GRAM,100.0
180eaf79-94bc-531f-950c-3a4a6ceb76ea,,,83aa9347-69dc-58be-8c87-f12873debef3,0.5 cup,GRAM,124.0
99dd0d67-1266-5f0e-801d-627674d75f75,,,c04960ad-ede4-584d-89b1-1ee0a69bb7a0,100g phần,GRAM,100.0
06b878fd-51f8-5ac0-afb7-bbc6a2dbc5f7,,,c04960ad-ede4-584d-89b1-1ee0a69bb7a0,1 oz,GRAM,28.0
7bc41a9c-06b3-5c1b-947e-7e0ba232c2a3,,,cf1dd35b-c90d-5eaa-ac6a-73fc85018a4a,100g phần,GRAM,100.0
64f6f34c-117b-52da-a20b-a56263b9fc97,,,cf1dd35b-c90d-5eaa-ac6a-73fc85018a4a,1 oz,GRAM,28.0
33f7afa3-c257-5e8a-b88c-4d596327da9e,,,2861a4db-8d71-50d9-97bb-f19d5014084f,100g phần,GRAM,100.0
b0291c59-9118-5403-a8f1-20cfc3bfe7c6,,,2861a4db-8d71-50d9-97bb-f19d5014084f,1 oz,GRAM,28.0
5fdf9bbe-a91a-54b7-beb7-261c106a1c5e,,,f43b7364-3664-54cd-903d-26e50307cdd3,100g phần,GRAM,100.0
641f5be5-9745-5517-bca8-1763d5333d34,,,f43b7364-3664-54cd-903d-26e50307cdd3,5.3 oz,GRAM,150.0
86dd49b1-f007-5720-a0a0-4931d49ac6dc,,,503e4c4c-8257-54f6-bf10-15bd9051c54c,100g phần,GRAM,100.0
017ddc0a-d4fb-5bb3-8814-506452663715,,,503e4c4c-8257-54f6-bf10-15bd9051c54c,1 oz,GRAM,28.0
82ccc26f-3c50-5e76-b0aa-fd14a7034d8b,,,11703cad-a0df-5aa5-8604-97bd8a5c586d,100g phần,GRAM,100.0
d3fbe1e5-96b2-5ed6-a52e-e34f692f5edb,,,11703cad-a0df-5aa5-8604-97bd8a5c586d,1 oz,GRAM,28.0
90c871fb-2d2c-52b4-a1c0-8314bdc284fa,,,d870beb5-f7be-5775-b70d-2fb4d9eabacf,100g phần,GRAM,100.0
1ca98107-2a58-58bd-b774-88be6d20bc40,,,d870beb5-f7be-5775-b70d-2fb4d9eabacf,2 tbsp,GRAM,5.0
3dea4ff4-ea6b-5c6c-8cd9-f623cedaa0bb,,,9e5c59c6-e5df-51ad-b330-09ee05d70361,100g phần,GRAM,100.0
b1d07c54-9ef5-55de-8d0b-4e55109d0b17,,,9e5c59c6-e5df-51ad-b330-09ee05d70361,1 cup,GRAM,240.0
f4aae867-23b8-5528-802b-73fdf0b2891f,,,c7761366-5232-56db-9c83-b3f362fe76dd,100g phần,GRAM,100.0
741ff705-f28a-5dce-991e-6588cbe76c56,,,c7761366-5232-56db-9c83-b3f362fe76dd,4 tbsp,GRAM,33.0
b8e26c2f-5a9a-5b46-9c49-1d9b6b280cf9,,,1d7cbfef-bbbc-5aea-b631-c6dde2e1c06a,100g phần,GRAM,100.0
633bbeb2-a0c7-50a2-8c5a-4b7c2d62b4c4,,,1d7cbfef-bbbc-5aea-b631-c6dde2e1c06a,1 oz,GRAM,28.0
e037a701-d507-59fc-80a7-787330bf3aff,,,f25bf04c-bfe1-5169-9edb-1ea4e4ec29cf,100g phần,GRAM,100.0
f13a84d0-e1a8-5c96-abca-f7d97ca8587d,,,f25bf04c-bfe1-5169-9edb-1ea4e4ec29cf,1 slice,GRAM,20.0
69a3d560-f0e0-54cb-9d8a-cf896d0e73ba,,,34cd825b-adf4-5dee-b7a3-bfdc681b0fe6,100g phần,GRAM,100.0
5a477cfa-e4f5-545a-8e7d-5979f84b6122,,,34cd825b-adf4-5dee-b7a3-bfdc681b0fe6,3 tbsp,GRAM,21.0
f58be92c-b911-51a7-9d59-7c572ec15042,,,1e880d9f-0181-5ba2-be0d-8fe2875b02fd,100g phần,GRAM,100.0
4f7abff8-981f-57ed-b8ee-36b5aed6a5f3,,,1e880d9f-0181-5ba2-be0d-8fe2875b02fd,0.5 oz,GRAM,14.0
5ff4bc4b-beee-5d4b-b2c7-df552a7eddfa,,,49b9b9a6-04ec-5bb7-844c-b35bcf2a6059,100g phần,GRAM,100.0
78ff04a1-ec29-500b-9d1d-4ceda2d7d345,,,49b9b9a6-04ec-5bb7-844c-b35bcf2a6059,1 oz,GRAM,28.0
35a5833d-d96c-54bb-9925-840d16d77310,,,7bf44719-6725-53f4-b32c-bdb10419202b,100g phần,GRAM,100.0
4c7063ea-642b-5fe7-ada2-7ac711fbc375,,,7bf44719-6725-53f4-b32c-bdb10419202b,1 oz,GRAM,28.0
5e89ab28-6ab2-5713-b671-faa0da904f0c,,,94866e15-5685-5e40-b975-685d59ead556,100g phần,GRAM,100.0
40dd8f1e-2443-5a6d-a84d-8ac3ad43a78e,,,94866e15-5685-5e40-b975-685d59ead556,1 oz,GRAM,28.0
83ed4c94-39a8-5dcf-8579-1bbff0600e34,,,4c81ad74-fb01-570f-a537-1da9eaa71b9d,100g phần,GRAM,100.0
0afafa02-56f6-5983-86db-fccb03778e54,,,4c81ad74-fb01-570f-a537-1da9eaa71b9d,1 oz,GRAM,28.0
3715770f-9c96-5f6a-97bb-3e89a5d39905,,,badf5b8f-b084-50b0-8ff4-ceb644de264e,100g phần,GRAM,100.0
f5dfceb1-98ca-5d8f-b9ed-7e91d362a3d2,,,badf5b8f-b084-50b0-8ff4-ceb644de264e,0.25 cup,GRAM,60.0
c34d26d7-896e-564e-82db-5a111c0d9cbd,,,27f29dd0-527c-5b05-b85f-293586bc6aaf,100g phần,GRAM,100.0
1477e99f-8029-5107-aeb7-6c5002850ebc,,,27f29dd0-527c-5b05-b85f-293586bc6aaf,1 oz,GRAM,28.0
2b9444b1-f7fb-54b1-aa02-117e65a6d0a1,,,1de77404-33a4-573c-8f79-8cce3ab15372,100g phần,GRAM,100.0
0711505e-b2b7-53ed-ba53-ba1a8fb49778,,,1de77404-33a4-573c-8f79-8cce3ab15372,1 oz,GRAM,28.0
7f443ec6-af7f-5377-b53c-15ef44459072,,,20120e50-94de-52c4-b002-0f68bb063843,100g phần,GRAM,100.0
ca2db662-109d-5c80-b4c2-6cb6a1fb82d4,,,20120e50-94de-52c4-b002-0f68bb063843,1 cup,GRAM,240.0
c9717fb7-abd2-5c2f-84d9-760f5bd18d42,,,b9c17e62-25fc-5705-9b4a-f73c417c86c0,100g phần,GRAM,100.0
705677fe-a9ee-527d-98d8-714a3adc82e1,,,b9c17e62-25fc-5705-9b4a-f73c417c86c0,1 oz,GRAM,28.35
5ebe4d37-701a-57a9-ae69-67eab8cabff8,,,84610584-2a35-53fb-9ef2-0590e4354b6a,100g phần,GRAM,100.0
67cfbc76-0380-5390-ac97-7b98fda5de66,,,84610584-2a35-53fb-9ef2-0590e4354b6a,2 tbsp,GRAM,30.0
77e83c99-7074-50f9-8d82-6fcbb6ccaebc,,,903e0ecb-f070-5531-b28b-b148fb6aee5e,100g phần,GRAM,100.0
88661dd7-6704-572e-ac7e-392ffe6222e6,,,903e0ecb-f070-5531-b28b-b148fb6aee5e,4 oz,GRAM,113.0
637cec82-8e6f-5dc8-b2a9-40625687cd85,,,1555976b-3b31-52e7-9fa9-c78bb752cf28,100g phần,GRAM,100.0
f871356e-aa2d-5d12-ae8a-2cc171380a37,,,1555976b-3b31-52e7-9fa9-c78bb752cf28,2 tbsp,GRAM,30.0
bc0cb466-0d8f-5541-9ddd-f4157a999861,,,369d5a00-d066-5702-a300-4b8d21f30522,100g phần,GRAM,100.0
297fe0b7-c41d-5df3-8779-4e4b21cf955f,,,369d5a00-d066-5702-a300-4b8d21f30522,1 oz,GRAM,28.0
b27cbfd2-1f2c-5f81-b16a-50dea9975771,,,c03dd93f-67b9-56be-84ee-731f91284687,100g phần,GRAM,100.0
0b1d63fb-4135-55da-837f-7bf27b0bb033,,,c03dd93f-67b9-56be-84ee-731f91284687,5 egg,GRAM,45.0
e71c81b5-2026-50f2-a85f-f1f11dea4c06,,,96337cbd-108b-5aae-865d-27a4083ad176,100g phần,GRAM,100.0
6cf24e06-5cc7-5c3e-8463-35ad61533d86,,,96337cbd-108b-5aae-865d-27a4083ad176,1 oz,GRAM,28.0
f65077e5-f3b9-52d2-a72c-c83aad43b168,,,2b81869c-9d91-5d65-b28e-e0dc7ea9cac5,100g phần,GRAM,100.0
492053e1-932e-5dd3-b42e-601ee06bde43,,,2b81869c-9d91-5d65-b28e-e0dc7ea9cac5,1 egg,GRAM,144.0
f568d524-f961-5175-b5b1-21bb886ed220,,,83e99ec0-86d9-5ce9-88fc-1687ef043cd0,100g phần,GRAM,100.0
91dcf9a1-8c60-5d25-9423-e9fbc3f0e33a,,,83e99ec0-86d9-5ce9-88fc-1687ef043cd0,1 oz,GRAM,28.0
bea4dbaf-bdf6-52c0-a7a7-46ed67e096ec,,,cd2880bc-edd2-5f2f-a465-ac7199f77c4e,100g phần,GRAM,100.0
4fe0f755-1256-55cf-b437-f422c69f5870,,,cd2880bc-edd2-5f2f-a465-ac7199f77c4e,1.5 oz,GRAM,42.0
5dd71212-012e-56bb-9abe-5dec8d7ad379,,,d2abc8e8-d94a-5644-80bc-d1baf4c2eb1f,100g phần,GRAM,100.0
227dfe68-9d13-5c5c-bf65-3f372eaaf04f,,,d2abc8e8-d94a-5644-80bc-d1baf4c2eb1f,1 blossom,GRAM,50.0
0d96cf00-ba1a-5faf-9d86-a4e6faa9f99e,,,c3fa4029-20de-592a-8ca4-099d8189c0cb,100g phần,GRAM,100.0
cfab1e2b-9ff5-5083-bc77-f0ca0c92020b,,,c3fa4029-20de-592a-8ca4-099d8189c0cb,1 slice,GRAM,165.0
bea42ea2-75ad-508a-a5f8-b7d37e065d7e,,,3d9fec6b-f97e-5761-8976-a21789b168ff,100g phần,GRAM,100.0
5979d260-e9bc-53e1-8e13-92208143670f,,,3d9fec6b-f97e-5761-8976-a21789b168ff,1 cup,GRAM,300.0
742b9c12-d734-591f-95dc-3b811aaa09e0,,,3309956c-a339-5036-ae31-9901e8b64ea6,100g phần,GRAM,100.0
2c2de437-7abb-517e-8f51-9806d2033490,,,3309956c-a339-5036-ae31-9901e8b64ea6,2 oz,GRAM,57.0
9a7033c6-abf7-58f4-a24f-c2428f636157,,,b191ab3d-12ca-585f-a50f-40882a63a370,100g phần,GRAM,100.0
cea2baf6-4a07-5f95-97b4-fe4248196a1f,,,b191ab3d-12ca-585f-a50f-40882a63a370,3 tbsp,GRAM,45.0
9dd603b3-9d9c-5346-8376-787e5578a20e,,,dd727cba-df5f-556a-85ce-dd38f348369e,100g phần,GRAM,100.0
2212fa01-8489-5449-8fc3-451883190647,,,dd727cba-df5f-556a-85ce-dd38f348369e,1 bowl,GRAM,235.0
9c118d94-ac53-5329-916a-aeeeb836c937,,,2afe3783-85e5-5e59-b612-d7b7f5730a47,100g phần,GRAM,100.0
892eea4e-9ff0-556d-8223-93d9cf92f45d,,,2afe3783-85e5-5e59-b612-d7b7f5730a47,1 cup,GRAM,237.0
71a82eac-eb0c-507e-a2fb-0981d9fa0186,,,5751055f-5efa-5431-b640-6943e7fea171,100g phần,GRAM,100.0
66d516bf-17aa-5fad-b1ca-80912169701a,,,5751055f-5efa-5431-b640-6943e7fea171,1 oz,GRAM,28.0
9a74e480-da8d-5d12-9a9d-8147587b9ae9,,,5b4633fc-e36e-50eb-990a-42daca095ccf,100g phần,GRAM,100.0
02141684-5aab-5396-bee4-cddd5f37013b,,,5b4633fc-e36e-50eb-990a-42daca095ccf,1 oz,GRAM,28.0
9a24718f-da2a-5ca3-a3e4-75ed803229d7,,,e51ddde3-27a6-5473-ab06-ab10025ff41c,100g phần,GRAM,100.0
966c9be0-4c16-55e2-8b4d-2c1f1af3bde8,,,e51ddde3-27a6-5473-ab06-ab10025ff41c,1 cup,GRAM,150.0
89ab3c23-4aaf-535c-b6d7-ba1d634f09e4,,,b5af9a10-b832-535e-8e66-def289574124,100g phần,GRAM,100.0
99003a2d-316c-51f2-8a9a-3d944c96bfb2,,,b5af9a10-b832-535e-8e66-def289574124,1 tbsp,GRAM,14.0
1ef07178-351a-500d-a946-3aa844da9ea7,,,7d7325e1-922a-58f8-bbe4-e8e7cf3b5c2a,100g phần,GRAM,100.0
49da8a01-004a-51fe-ad7c-558da58a4beb,,,7d7325e1-922a-58f8-bbe4-e8e7cf3b5c2a,1 cup,GRAM,200.0
a417b44e-b4e9-5868-8202-e197c39f3041,,,ca21a007-c0bf-52e6-9465-98b2860299bc,100g phần,GRAM,100.0
0d2b6018-1751-5123-afaf-6b416d1d97cf,,,ca21a007-c0bf-52e6-9465-98b2860299bc,1 cup,GRAM,240.0
14621266-f379-5b72-b946-315d56bfe6b8,,,4582c5d9-6309-5777-8a9f-767281136478,100g phần,GRAM,100.0
794281a9-ba33-53a8-bb49-cc25eab78f5f,,,4582c5d9-6309-5777-8a9f-767281136478,1 hot dog,GRAM,200.0
96bc4cf6-8d10-545e-a29d-33439bdfbda1,,,e6188ee4-97df-56d4-941b-f09f758a5e63,100g phần,GRAM,100.0
5f589d9f-31e4-50ca-b821-3c4d1cf3bd9f,,,e6188ee4-97df-56d4-941b-f09f758a5e63,1 plate,GRAM,199.0
62676fb4-9f24-587c-97ec-81e675566c75,,,e13f078f-c916-5a13-9cf0-0df94140380e,100g phần,GRAM,100.0
340fb43a-9dde-5782-ae72-539aacd2bd8f,,,e13f078f-c916-5a13-9cf0-0df94140380e,1 slice,GRAM,100.0
7be877cf-6d9d-5af9-b94c-b8399af59e8c,,,7cf4e6df-146b-5ad6-b2ae-aa4875cabf53,100g phần,GRAM,100.0
f72c3666-6ddb-510d-9209-328548763b69,,,7cf4e6df-146b-5ad6-b2ae-aa4875cabf53,1.2 oz,GRAM,35.0
d226d474-14dc-5a27-b0d7-40abc4efad9f,,,32deeb40-77b3-57ad-a475-692ac11c8667,100g phần,GRAM,100.0
44f5ede2-2dfe-5381-ad4b-0038d0a43d31,,,32deeb40-77b3-57ad-a475-692ac11c8667,2 oz,GRAM,57.0
604ddd5c-aa30-523b-b4e2-1e70c0422a90,,,933abcfc-91aa-52e7-b598-a584a055f025,100g phần,GRAM,100.0
ed96a4c6-ab09-573b-bd1c-940ec62d13af,,,933abcfc-91aa-52e7-b598-a584a055f025,1 slice,GRAM,100.0
4dd6f4cd-f105-5a4e-a602-3bb0f0a970a0,,,5b4d6a08-15f2-5b52-bcb8-9eaa3dfe8350,100g phần,GRAM,100.0
bcef59ad-ae9f-51ba-8bec-8ce07fb7e1c6,,,5b4d6a08-15f2-5b52-bcb8-9eaa3dfe8350,1 container,GRAM,196.0
a34f26f9-3c91-5f18-b5a5-b2ba7bdd9b02,,,370f76e7-d17e-5d60-bb7d-3e8fab58eacc,100g phần,GRAM,100.0
1ed65a6c-2744-536b-a0ee-a95983293eb9,,,370f76e7-d17e-5d60-bb7d-3e8fab58eacc,1 sandwich,GRAM,250.0
6fb2d642-fa95-5d0e-b4a8-11cff1524096,,,9d9f6c38-1c73-5444-8f58-f40ab8beff98,100g phần,GRAM,100.0
a27724f3-62cf-5f10-8474-dbbc3dc75944,,,9d9f6c38-1c73-5444-8f58-f40ab8beff98,1 plate,GRAM,350.0
2b9399fa-189d-5ef0-9c8c-4701f189db81,,,4045a617-1ef8-58c8-9244-27837d792a36,100g phần,GRAM,100.0
7734240d-cba1-5fa4-a62e-bf9df8ae55f7,,,4045a617-1ef8-58c8-9244-27837d792a36,1 plate,GRAM,350.0
1271e05a-5eab-55c0-b2a7-7215e9175b65,,,664b378f-e3bc-599e-beef-d66394928560,100g phần,GRAM,100.0
4cd0fb62-05d9-5b44-963f-d138dae86149,,,664b378f-e3bc-599e-beef-d66394928560,1 mushroom cap,GRAM,20.0
1cfba0e3-e6f3-5292-a209-fc4a176ec0ef,,,65997a5e-850d-5a8e-8f7e-bd3e819f26b2,100g phần,GRAM,100.0
c7c87447-93f2-57ee-9cc4-2bd4eb871d3a,,,65997a5e-850d-5a8e-8f7e-bd3e819f26b2,1 mini cheese coney,GRAM,70.0
c52ca7f4-722f-57f4-83a7-fcd9a87328ab,,,139b1fd7-893e-56ec-9028-59646f922856,100g phần,GRAM,100.0
5f248955-e7fc-5034-b550-0d82391ffae7,,,139b1fd7-893e-56ec-9028-59646f922856,8.5 oz,GRAM,240.0
d0d3a041-e37c-59c6-98a3-8eb67e538f5c,,,39cc5e2b-46f4-587e-9804-599204651951,100g phần,GRAM,100.0
9a742e07-cd2c-56a7-877a-bf50ea29a167,,,39cc5e2b-46f4-587e-9804-599204651951,2 oz,GRAM,56.0
f3fd41ef-6639-5f34-85e9-2cf3312f69b8,,,e0fa974d-ccf6-51d8-b51a-e5f5678a3c8d,100g phần,GRAM,100.0
f87c9b31-a85c-529a-99a7-7e24eac01f7d,,,e0fa974d-ccf6-51d8-b51a-e5f5678a3c8d,1 cup,GRAM,240.0
da58ce22-03e6-59cd-baeb-b2cffa5bda31,,,63d3e3ae-ff66-5e26-9c3f-2f689d78f709,100g phần,GRAM,100.0
814e99c7-b30c-5b33-ae64-b3607499d821,,,63d3e3ae-ff66-5e26-9c3f-2f689d78f709,1 oz,GRAM,28.0
9dd1b441-ce9f-538a-a96f-6a3413329c9c,,,86fc195d-b395-565c-bea9-29ec9cec3570,100g phần,GRAM,100.0
597e9c7f-a640-5ccc-915d-19d0f1ea9d3c,,,86fc195d-b395-565c-bea9-29ec9cec3570,2 oz,GRAM,57.0
5abfa79c-80a4-5b96-87b5-942ae41efbc0,,,c6cbf739-b3da-53bd-91b4-d7a7abdcdc44,100g phần,GRAM,100.0
29fa3108-0d1e-55de-8cf5-78af585dfb7b,,,c6cbf739-b3da-53bd-91b4-d7a7abdcdc44,16 fl oz,GRAM,473.0
112e909e-cd7f-5ee7-aa8f-5b16a1be95af,,,80e2558e-a555-58bf-8865-ed952ff95a6a,100g phần,GRAM,100.0
3f021d6e-9aac-5d09-ba94-2ac7a12d9122,,,80e2558e-a555-58bf-8865-ed952ff95a6a,1 sandwich,GRAM,300.0
ed2ceab9-522e-59e3-8ff6-27465c4dfb67,,,9a9689ba-11fd-5c36-a7dd-3ac856ddb1cf,100g phần,GRAM,100.0
9816f0ac-4bcc-5b46-9818-f94c16fe85cd,,,9a9689ba-11fd-5c36-a7dd-3ac856ddb1cf,1 bagel,GRAM,105.0
b06a2bae-1460-563e-a62a-a9c6392b70cc,,,e4ca4256-4bda-5cb3-9ae6-0d939881f6d5,100g phần,GRAM,100.0
fcae755e-83f5-5cc1-ac66-369b6ad25b8f,,,e4ca4256-4bda-5cb3-9ae6-0d939881f6d5,1 hot dog,GRAM,126.0
5db0a458-e390-5955-8630-45a1ea73933b,,,f2695f59-940c-5d9a-a9d3-a0336f5efeae,100g phần,GRAM,100.0
9b4e8e41-3b5f-5f59-9d44-b7c656698be7,,,f2695f59-940c-5d9a-a9d3-a0336f5efeae,2 tbsp,GRAM,43.0
5adac635-de1e-5385-a321-5a4baa969a05,,,efad08cf-83b6-5571-a76c-c856fbf80151,100g phần,GRAM,100.0
8116109e-a2b2-5643-9c13-8c005e6cef3a,,,efad08cf-83b6-5571-a76c-c856fbf80151,1 cup,GRAM,240.0
4cc7d778-e858-5c0b-87d7-3934228c34d3,,,13eb89b0-882d-519a-991f-e58a4f3d2d62,100g phần,GRAM,100.0
2b157c16-93e1-5159-a6b7-038bd24676c9,,,13eb89b0-882d-519a-991f-e58a4f3d2d62,1 spoon,GRAM,85.0
af2a163b-1edb-50f7-8928-aabdc6e8822a,,,e12def5c-95d3-5cc8-b508-3349ef533f08,100g phần,GRAM,100.0
538e0ede-062f-55e8-82d8-f54a488370cd,,,e12def5c-95d3-5cc8-b508-3349ef533f08,1 biscuit,GRAM,150.0
dec6bb35-2519-5a26-b444-20e97ab62500,,,bceafc18-aaca-5079-a27a-72abb55573f5,100g phần,GRAM,100.0
74c28d5a-53fb-5977-add0-c9889cccb915,,,bceafc18-aaca-5079-a27a-72abb55573f5,10 oz,GRAM,283.0
e29946fd-0408-5539-a165-aa8b75c78341,,,f335b713-6248-5a34-af54-39c2f8175ad7,100g phần,GRAM,100.0
7f15f3a2-1985-584b-8148-03e3b5938cc5,,,f335b713-6248-5a34-af54-39c2f8175ad7,1.2 oz,GRAM,34.0
f70e9cc8-a8d8-54ad-9eea-7a3ac08b58b5,,,59e7ff2e-a278-5e5b-951f-29406eb3b56c,100g phần,GRAM,100.0
4605439f-4b55-56dd-9b47-10f9983f8657,,,59e7ff2e-a278-5e5b-951f-29406eb3b56c,1 scotch egg,GRAM,113.0
